year,name,vmax_ms,pmin_hpa,v_land_ms,cat,landfall_cn,scs_genesis
1949,CARMEN,44.7566,990.0,,4,0,0
1949,DELLA,59.6755,960.0,,5,0,0
1949,UNNAMED,11.8322,1000.0,,0,0,0
1949,ELAINE,29.8378,984.0,12.3467,2,1,0
1949,FAYE,44.7566,965.0,,4,0,0
1949,GLORIA,49.9011,960.0,39.6122,4,1,0
1949,HESTER,34.9822,980.0,,3,0,0
1949,IRMA,29.8378,980.0,24.6933,2,1,1
1949,IRMA,14.9189,988.0,14.9189,0,1,0
1949,UNNAMED,11.8322,1004.0,,0,0,0
1949,UNNAMED,24.6933,990.0,,2,0,0
1949,UNNAMED,11.8322,998.0,10.2889,0,1,1
1949,JUDITH,49.9011,960.0,,4,0,0
1949,UNNAMED,11.8322,1002.0,,0,1,0
1949,UNNAMED,11.8322,1004.0,,0,0,0
1949,JUDITH,14.9189,998.0,,0,0,0
1949,UNNAMED,11.8322,1002.0,,0,0,0
1949,KITTY,44.7566,952.0,,4,0,0
1949,LISE,44.7566,960.0,,4,0,0
1949,UNNAMED,29.8378,990.0,27.2655,2,1,0
1949,MADELINE,39.6122,973.0,,3,0,0
1949,NELLY,39.6122,980.0,19.5489,3,1,0
1949,UNNAMED,24.6933,985.0,,2,0,0
1949,UNNAMED,24.6933,990.0,,2,0,1
1949,UNNAMED,24.6933,990.0,,2,0,0
1949,UNNAMED,19.5489,1000.0,,1,0,0
1949,UNNAMED,19.5489,1000.0,11.8322,1,1,0
1949,OMELIA,34.9822,980.0,,3,0,0
1949,UNNAMED,24.6933,990.0,,2,0,0
1949,PATRICIA,69.9644,930.0,,5,0,0
1949,UNNAMED,29.8378,990.0,,2,0,0
1949,UNNAMED,19.5489,1000.0,,1,0,0
1949,RENA,29.8378,990.0,14.9189,2,1,0
1949,ALLYN,49.9011,960.0,,4,0,0
1949,BETTY,34.9822,996.0,,3,0,0
1949,CAMILLA,44.7566,970.0,,4,0,0
1950,UNNAMED,29.8378,984.0,,2,0,0
1950,DORIS,69.9644,930.0,,5,0,0
1950,UNNAMED,24.6933,992.0,14.9189,2,1,1
1950,ELSIE,44.7566,965.0,,4,0,0
1950,UNNAMED,11.8322,1002.0,11.8322,0,1,1
1950,UNNAMED,24.6933,990.0,,2,0,0
1950,GRACE,29.8378,982.0,,2,0,0
1950,FLOSSIE:GRACE,34.9822,975.0,11.8322,3,1,0
1950,UNNAMED,14.9189,997.0,11.8322,0,1,0
1950,UNNAMED,29.8378,983.0,,2,0,0
1950,HELENE,29.8378,984.0,14.9189,2,1,0
1950,UNNAMED,14.9189,992.0,11.8322,0,1,1
1950,UNNAMED,19.5489,992.0,,1,0,0
1950,UNNAMED,14.9189,995.0,,0,0,0
1950,UNNAMED,19.5489,998.0,,1,0,0
1950,UNNAMED,19.5489,996.0,,1,0,0
1950,UNNAMED,14.9189,994.0,,0,0,0
1950,IDA,34.9822,975.0,,3,0,0
1950,UNNAMED,14.9189,996.0,,0,0,0
1950,UNNAMED,29.8378,980.0,,2,0,0
1950,UNNAMED,24.6933,990.0,,2,0,0
1950,IDA,34.9822,980.0,,3,0,0
1950,UNNAMED,29.8378,990.0,,2,0,0
1950,JANE,59.6755,940.0,,5,0,0
1950,KEZIA,59.6755,945.0,,5,0,0
1950,UNNAMED,24.6933,995.0,,2,0,1
1950,LUCRETIA:NANCY,29.8378,980.0,,2,0,0
1950,MISSATHA,34.9822,974.0,,3,0,0
1950,UNNAMED,19.5489,1002.0,,1,0,0
1950,OSSIA,34.9822,975.0,,3,0,0
1950,UNNAMED,14.9189,996.0,14.9189,0,1,1
1950,UNNAMED,14.9189,1000.0,14.9189,0,1,1
1950,UNNAMED,11.8322,1003.0,,0,0,0
1950,PETIE,44.7566,963.0,,4,0,0
1950,UNNAMED,24.6933,995.0,,2,0,0
1950,UNNAMED,14.9189,1002.0,,0,0,0
1950,RUBY,59.6755,940.0,,5,0,0
1950,CLARA,64.8199,940.0,,5,0,0
1950,BILLIE,34.9822,985.0,,3,0,0
1950,DELILAH,29.8378,985.0,19.5489,2,1,0
1950,ELLEN,29.8378,990.0,,2,0,0
1950,FRAN,39.6122,990.0,,3,0,0
1951,GEORGIA,49.9011,970.0,,4,0,0
1951,HOPE,29.8378,980.0,,2,0,0
1951,IRIS,79.7388,909.0,,5,0,0
1951,JOAN,29.8378,980.0,,2,0,0
1951,UNNAMED,14.9189,998.0,11.8322,0,1,1
1951,UNNAMED,19.5489,992.0,13.3755,1,1,1
1951,KATE,34.9822,975.0,,3,0,0
1951,UNNAMED,24.6933,992.0,,2,0,0
1951,UNNAMED,14.9189,1002.0,,0,0,0
1951,UNNAMED,11.8322,1005.0,,0,0,0
1951,UNNAMED,11.8322,1006.0,,0,0,0
1951,LOUISE,79.7388,904.0,34.9822,5,1,0
1951,UNNAMED,14.9189,1002.0,,0,0,0
1951,UNNAMED,14.9189,995.0,,0,0,1
1951,UNNAMED,24.6933,988.0,9.7744,2,1,0
1951,MARGE,89.5133,886.0,19.5489,5,1,0
1951,UNNAMED,14.9189,1005.0,,0,0,0
1951,NORA,39.6122,970.0,39.6122,3,1,0
1951,UNNAMED,14.9189,995.0,,0,0,1
1951,UNNAMED,14.9189,1000.0,,0,0,0
1951,ORA,44.7566,970.0,,4,1,0
1951,PAT,34.9822,980.0,27.2655,3,1,0
1951,RUTH,74.5944,924.0,,5,0,0
1951,SARAH,44.7566,960.0,,4,0,0
1951,THELMA,59.6755,950.0,,5,0,0
1951,VERA,34.9822,980.0,,3,0,0
1951,WANDA,39.6122,985.0,,3,0,0
1951,UNNAMED,11.8322,1004.0,,0,0,0
1951,AMY,54.5311,950.0,,5,0,0
1951,BABS,39.6122,980.0,,3,0,0
1952,CHARLOTTE,39.6122,960.0,17.4911,3,1,1
1952,DINAH,44.7566,962.0,,4,0,0
1952,UNNAMED,19.5489,995.0,12.3467,1,1,0
1952,EMMA,44.7566,973.0,,4,0,0
1952,UNNAMED,14.9189,1002.0,,0,0,0
1952,FREDA,24.6933,992.0,,2,0,0
1952,GILDA,29.8378,985.0,14.9189,2,1,0
1952,HARRIET,39.6122,980.0,20.0633,3,1,0
1952,JEANNE:JEANNIE,29.8378,985.0,,2,0,0
1952,UNNAMED,14.9189,1000.0,,0,0,0
1952,IVY,24.6933,992.0,,2,0,0
1952,UNNAMED,14.9189,995.0,,0,0,0
1952,KAREN,49.9011,955.0,,4,0,0
1952,UNNAMED,14.9189,999.0,11.8322,0,1,1
1952,LOIS,39.6122,980.0,34.9822,3,1,0
1952,MARY,34.9822,983.0,22.1211,3,1,0
1952,NONA,39.6122,980.0,32.4100,3,1,0
1952,UNNAMED,19.5489,1000.0,,1,0,0
1952,UNNAMED,29.8378,990.0,27.2655,2,1,0
1952,OLIVE,59.6755,940.0,,5,0,0
1952,UNNAMED,19.5489,998.0,19.5489,1,1,1
1952,POLLY,39.6122,977.0,,3,0,0
1952,ROSE,39.6122,985.0,,3,0,0
1952,TRIX,54.5311,960.0,,5,0,0
1952,SHIRLEY,24.6933,995.0,,2,0,1
1952,VAE,44.7566,975.0,,4,0,0
1952,WILMA,69.9644,927.0,,5,0,0
1952,AGNES,74.5944,920.0,,5,0,0
1952,BESS,74.5944,915.0,,5,0,0
1952,CARMEN,54.5311,962.0,,5,0,0
1952,DELLA,44.7566,980.0,,4,1,0
1952,ELAINE,29.8378,990.0,,2,0,0
1952,FAYE,34.9822,990.0,,3,0,0
1952,GLORIA,34.9822,988.0,,3,0,0
1952,UNNAMED,19.5489,998.0,,1,0,0
1952,HESTER,59.6755,955.0,,5,0,0
1953,IRMA,49.9011,975.0,,4,0,0
1953,JUDY,59.6755,944.0,,5,0,0
1953,UNNAMED,19.5489,998.0,,1,0,1
1953,UNNAMED,19.5489,983.0,,1,0,0
1953,KIT,79.7388,910.0,49.9011,5,1,0
1953,UNNAMED,11.8322,1002.0,,0,0,0
1953,LOLA,49.9011,968.0,,4,0,0
1953,MAMIE,34.9822,982.0,,3,0,0
1953,NINA,89.5133,895.0,44.7566,5,1,0
1953,UNNAMED,11.8322,998.0,,0,0,0
1953,UNNAMED,11.8322,988.0,11.8322,0,1,1
1953,OPHELIA,49.9011,960.0,39.6122,4,1,0
1953,PHYLLIS,44.7566,975.0,34.9822,4,1,0
1953,NINA,24.6933,978.0,14.9189,2,1,0
1953,RITA,64.8199,942.0,39.6122,5,1,0
1953,UNNAMED,24.6933,995.0,,2,0,0
1953,SUSAN,49.9011,970.0,19.5489,4,1,0
1953,TESS,74.5944,899.0,,5,0,0
1953,UNNAMED,19.5489,995.0,12.3467,1,1,1
1953,UNNAMED,14.9189,1000.0,,0,0,1
1953,UNNAMED,19.5489,999.0,,1,0,0
1953,VIOLA,39.6122,968.0,,3,0,1
1953,WINNIE,34.9822,990.0,,3,0,0
1953,ALICE,69.9644,917.0,,5,0,0
1953,BETTY,54.5311,967.0,29.8378,5,1,0
1953,UNNAMED,11.8322,1002.0,,0,0,0
1953,CORA,49.9011,960.0,,4,0,0
1953,UNNAMED,19.5489,1000.0,,1,0,0
1953,UNNAMED,24.6933,1000.0,,2,0,0
1953,UNNAMED,24.6933,1000.0,,2,0,0
1953,UNNAMED,19.5489,1000.0,,1,0,1
1953,DORIS,59.6755,940.0,,5,0,0
1954,UNNAMED,24.6933,990.0,,2,0,0
1954,ELSIE,49.9011,945.0,32.4100,4,1,0
1954,UNNAMED,11.8322,1002.0,,0,0,1
1954,FLOSSIE,39.6122,985.0,,3,0,0
1954,UNNAMED,11.8322,1002.0,,0,0,0
1954,UNNAMED,11.8322,1002.0,,0,0,0
1954,UNNAMED,19.5489,993.0,12.3467,1,1,1
1954,UNNAMED,14.9189,1000.0,,0,0,0
1954,GRACE,54.5311,940.0,,5,0,0
1954,HELEN,39.6122,970.0,,3,0,0
1954,IDA,84.8833,890.0,44.7566,5,1,0
1954,UNNAMED,24.6933,994.0,9.7744,2,1,0
1954,GRACE,14.9189,986.0,,0,0,0
1954,UNNAMED,14.9189,1000.0,,0,0,0
1954,KATHY,59.6755,940.0,,5,0,0
1954,UNNAMED,19.5489,1000.0,,1,0,0
1954,UNNAMED,24.6933,985.0,24.6933,2,1,1
1954,JUNE,84.8833,901.0,27.2655,5,1,0
1954,LORNA,54.5311,952.0,,5,0,0
1954,UNNAMED,11.8322,995.0,,0,0,1
1954,UNNAMED,19.5489,994.0,,1,0,1
1954,MARIE,39.6122,956.0,,3,0,0
1954,UNNAMED,14.9189,1002.0,,0,0,1
1954,NANCY,44.7566,963.0,,4,0,0
1954,UNNAMED,24.6933,995.0,,2,0,1
1954,OLGA,69.9644,930.0,,5,0,0
1954,UNNAMED,14.9189,1004.0,,0,0,0
1954,PAMELA,84.8833,900.0,29.8378,5,1,0
1954,UNNAMED,14.9189,1001.0,,0,0,1
1954,RUBY,74.5944,938.0,17.4911,5,1,0
1954,SALLY,79.7388,921.0,,5,0,0
1954,UNNAMED,11.8322,1005.0,,0,0,0
1954,TILDA,74.5944,940.0,,5,0,0
1954,UNNAMED,29.8378,990.0,,2,0,0
1955,VIOLET,34.9822,995.0,,3,0,0
1955,UNNAMED,24.6933,996.0,,2,0,0
1955,WILDA,39.6122,983.0,,3,0,0
1955,ANITA,44.7566,974.0,,4,0,0
1955,BILLIE,34.9822,986.0,19.5489,3,1,1
1955,UNNAMED,34.9822,970.0,24.6933,3,1,1
1955,CLARA,74.5944,918.0,11.8322,5,1,0
1955,UNNAMED,14.9189,995.0,9.7744,0,1,1
1955,DOT,34.9822,995.0,,3,0,0
1955,ELLEN,39.6122,965.0,,3,0,0
1955,UNNAMED,24.6933,990.0,,2,0,0
1955,FRAN,44.7566,966.0,,4,0,0
1955,GEORGIA,49.9011,985.0,,4,0,0
1955,UNNAMED,19.5489,995.0,,1,0,0
1955,HOPE,44.7566,975.0,,4,0,0
1955,UNNAMED,29.8378,985.0,,2,0,1
1955,UNNAMED,19.5489,1000.0,,1,0,0
1955,UNNAMED,14.9189,1000.0,11.8322,0,1,0
1955,IRIS,44.7566,965.0,40.1266,4,1,0
1955,UNNAMED,14.9189,1002.0,,0,0,0
1955,UNNAMED,24.6933,990.0,,2,0,0
1955,JOAN,39.6122,968.0,,3,0,0
1955,UNNAMED,14.9189,1002.0,,0,0,0
1955,UNNAMED,14.9189,1002.0,11.8322,0,1,1
1955,UNNAMED,14.9189,1000.0,10.2889,0,1,1
1955,KATE,64.8199,931.0,49.9011,5,1,0
1955,LOUISE,69.9644,930.0,,5,0,0
1955,MARGE,49.9011,964.0,,4,0,0
1955,UNNAMED,24.6933,1003.0,,2,0,0
1955,UNNAMED,24.6933,998.0,,2,0,1
1955,NORA,44.7566,955.0,,4,0,0
1955,OPAL,34.9822,982.0,,3,0,0
1955,UNNAMED,14.9189,1004.0,,0,0,0
1955,UNNAMED,14.9189,1006.0,,0,0,0
1955,UNNAMED,11.8322,1004.0,,0,0,1
1955,PATSY,64.8199,980.0,,5,0,0
1955,RUTH,89.5133,924.0,,5,0,0
1956,UNNAMED,14.9189,1002.0,,0,0,1
1956,SARAH,59.6755,970.0,,5,0,0
1956,UNNAMED,19.5489,998.0,,1,0,0
1956,THELMA,74.5944,935.0,,5,0,0
1956,UNNAMED,11.8322,998.0,,0,0,1
1956,UNNAMED,24.6933,1000.0,,2,0,0
1956,UNNAMED,19.5489,1000.0,19.5489,1,1,1
1956,UNNAMED,14.9189,1000.0,,0,0,0
1956,VERA,34.9822,975.0,29.8378,3,1,0
1956,UNNAMED,11.8322,1005.0,,0,0,1
1956,UNNAMED,24.6933,994.0,8.7455,2,1,0
1956,WANDA,89.5133,905.0,42.6989,5,1,0
1956,UNNAMED,19.5489,999.0,,1,0,0
1956,AMY,39.6122,965.0,,3,0,0
1956,UNNAMED,11.8322,1002.0,,0,0,0
1956,UNNAMED,11.8322,998.0,8.7455,0,1,1
1956,UNNAMED,19.5489,998.0,,1,0,0
1956,BABS,49.9011,960.0,,4,0,0
1956,UNNAMED,14.9189,991.0,,0,0,1
1956,UNNAMED,14.9189,996.0,11.8322,0,1,1
1956,UNNAMED,11.8322,1002.0,9.7744,0,1,1
1956,CHARLOTTE,54.5311,960.0,,5,0,0
1956,DINAH,44.7566,970.0,44.7566,4,1,0
1956,EMMA,69.9644,930.0,,5,0,0
1956,UNNAMED,11.8322,1002.0,,0,0,0
1956,UNNAMED,11.8322,999.0,8.7455,0,1,1
1956,FREDA,49.9011,970.0,39.6122,4,1,0
1956,GILDA,74.5944,937.0,40.1266,5,1,0
1956,HARRIET,49.9011,956.0,,4,0,0
1956,IVY,39.6122,985.0,,3,0,0
1956,UNNAMED,14.9189,1005.0,13.3755,0,1,1
1956,JEAN,59.6755,940.0,,5,0,0
1956,KAREN:LUCILLE,44.7566,975.0,,4,0,0
1956,UNNAMED,14.9189,1002.0,,0,0,0
1956,NADINE,34.9822,990.0,,3,0,0
1956,OLIVE,34.9822,990.0,,3,0,0
1956,POLLY,39.6122,980.0,,3,0,0
1956,UNNAMED,11.8322,1000.0,,0,0,0
1957,UNNAMED,19.5489,995.0,,1,0,0
1957,ROSE,74.5944,954.0,,5,0,0
1957,SHIRLEY,64.8199,975.0,,5,0,0
1957,TRIX,64.8199,948.0,,5,0,0
1957,VIRGINIA,89.5133,898.0,49.9011,5,1,0
1957,UNNAMED,11.8322,1003.0,,0,0,0
1957,UNNAMED,14.9189,990.0,14.9189,0,1,1
1957,WENDY,49.9011,983.0,29.8378,4,1,0
1957,UNNAMED,14.9189,1003.0,,0,0,0
1957,AGNES,79.7388,906.0,,5,0,0
1957,UNNAMED,24.6933,980.0,24.6933,2,1,1
1957,UNNAMED,19.5489,997.0,,1,0,0
1957,UNNAMED,11.8322,998.0,,0,0,0
1957,UNNAMED,11.8322,1000.0,,0,0,1
1957,BESS,49.9011,952.0,,4,0,0
1957,DELLA,59.6755,961.0,,5,0,0
1957,CARMEN,59.6755,959.0,34.9822,5,1,0
1957,ELAINE,69.9644,942.0,,5,0,0
1957,FAYE,79.7388,928.0,,5,0,0
1957,GLORIA,44.7566,970.0,34.9822,4,1,0
1957,HESTER,89.5133,900.0,,5,0,0
1957,IRMA,34.9822,990.0,,3,0,1
1957,UNNAMED,19.5489,1000.0,8.7455,1,1,0
1957,JUDY,59.6755,959.0,,5,0,0
1957,KIT,89.5133,908.0,,5,0,0
1957,LOLA,89.5133,897.0,,5,0,0
1957,MAMIE,54.5311,960.0,,5,0,0
1958,OPHELIA,74.5944,939.0,,5,0,0
1958,UNNAMED,24.6933,995.0,,2,0,0
1958,PHYLLIS,79.7388,938.0,,5,0,0
1958,UNNAMED,24.6933,985.0,24.6933,2,1,1
1958,RITA,39.6122,985.0,,3,0,0
1958,UNNAMED,19.5489,998.0,,1,0,0
1958,SUSAN,44.7566,984.0,,4,0,0
1958,TESS,34.9822,993.0,,3,0,0
1958,VIOLA,59.6755,964.0,,5,0,0
1958,WINNIE,74.5944,925.0,55.0455,5,1,0
1958,ALICE,74.5944,922.0,,5,0,0
1958,BETTY,29.8378,982.0,,2,0,1
1958,UNNAMED,24.6933,990.0,,2,1,1
1958,DORIS,79.7388,932.0,,5,0,0
1958,UNNAMED,39.6122,985.0,27.2655,3,1,1
1958,ELSIE,59.6755,968.0,,5,0,0
1958,UNNAMED,11.8322,1002.0,,0,0,0
1958,FLOSSIE,49.9011,967.0,,4,0,0
1958,UNNAMED,14.9189,994.0,10.8033,0,1,1
1958,UNNAMED,29.8378,982.0,27.2655,2,1,0
1958,GRACE,99.8021,901.0,44.7566,5,1,0
1958,UNNAMED,19.5489,994.0,14.9189,1,1,1
1958,UNNAMED,29.8378,975.0,24.6933,2,1,0
1958,UNNAMED,14.9189,995.0,,0,0,1
1958,HELEN,84.8833,925.0,,5,0,0
1958,IDA,109.5766,878.0,,5,0,0
1958,JUNE,34.9822,985.0,,3,0,0
1958,UNNAMED,19.5489,998.0,8.7455,1,1,1
1958,KATHY,49.9011,975.0,,4,0,0
1958,LORNA,64.8199,940.0,,5,0,0
1958,MARIE,69.9644,941.0,,5,0,0
1958,NANCY,79.7388,922.0,,5,0,0
1958,UNNAMED,24.6933,992.0,,2,0,1
1958,PAMELA,24.6933,997.0,,2,0,0
1958,OLGA,69.9644,949.0,,5,0,0
1958,UNNAMED,34.9822,985.0,,3,0,0
1959,RUBY,24.6933,995.0,,2,0,0
1959,SALLY,29.8378,990.0,,2,0,0
1959,TILDA,84.8833,928.0,,5,0,0
1959,VIOLET,11.8322,1001.0,,0,0,1
1959,WILDA,24.6933,996.0,14.9189,2,1,1
1959,BILLIE,44.7566,968.0,32.4100,4,1,0
1959,UNNAMED,14.9189,998.0,10.8033,0,1,1
1959,ELLEN,49.9011,962.0,,4,0,0
1959,GEORGIA,54.5311,955.0,,5,1,0
1959,HOPE,14.9189,997.0,9.2600,0,1,0
1959,UNNAMED,11.8322,998.0,,0,0,1
1959,IRIS,49.9011,965.0,11.8322,4,1,0
1959,KATE,19.5489,1000.0,,1,0,0
1959,JOAN,99.8021,885.0,72.5366,5,1,0
1959,LOUISE,59.6755,964.0,49.9011,5,1,0
1959,MARGE,11.8322,1000.0,9.7744,0,1,1
1959,NORA,29.8378,985.0,24.6933,2,1,0
1959,PATSY,59.6755,965.0,,5,0,0
1959,SARAH,84.8833,905.0,,5,0,0
1959,THELMA,14.9189,1002.0,,0,0,0
1959,VERA,89.5133,894.0,,5,0,0
1959,AMY,44.7566,977.0,,4,0,0
1959,UNNAMED,11.8322,1000.0,,0,0,1
1959,BABS,24.6933,998.0,,2,0,1
1959,CHARLOTTE,89.5133,905.0,,5,0,0
1959,DINAH,99.8021,915.0,,5,0,0
1959,UNNAMED,14.9189,1003.0,,0,0,0
1959,EMMA,59.6755,958.0,,5,0,0
1959,UNNAMED,24.6933,998.0,,2,0,0
1959,FREDA,64.8199,940.0,,5,0,0
1959,GILDA,84.8833,915.0,,5,0,0
1959,HARRIET,74.5944,933.0,,5,0,0
1960,IVY,14.9189,1000.0,,0,0,0
1960,JEAN,11.8322,1000.0,,0,0,0
1960,KAREN,39.6122,990.0,,3,0,0
1960,LUCILLE,34.9822,985.0,,3,0,0
1960,LUCILLE,14.9189,1004.0,,0,0,0
1960,NADINE,34.9822,985.0,,3,0,0
1960,MARY,44.7566,970.0,34.9822,4,1,1
1960,MARY,24.6933,988.0,,2,0,0
1960,OLIVE,59.6755,950.0,29.8378,5,1,0
1960,UNNAMED,11.8322,1000.0,,0,0,1
1960,POLLY,69.9644,950.0,29.8378,5,1,0
1960,ROSE,24.6933,990.0,,2,0,0
1960,SHIRLEY,69.9644,910.0,55.0455,5,1,0
1960,UNNAMED,14.9189,995.0,10.8033,0,1,1
1960,TRIX,64.8199,929.0,19.5489,5,1,0
1960,UNNAMED,11.8322,997.0,,0,0,1
1960,UNNAMED,24.6933,1000.0,,2,0,0
1960,VIRGINIA,44.7566,980.0,,4,0,0
1960,TRIX,29.8378,980.0,19.5489,2,1,0
1960,AGNES,24.6933,994.0,24.6933,2,1,0
1960,WENDY,34.9822,990.0,,3,0,0
1960,UNNAMED,14.9189,996.0,,0,0,1
1960,BESS,34.9822,978.0,,3,0,0
1960,CARMEN,39.6122,975.0,19.5489,3,1,0
1960,DELLA,49.9011,967.0,,4,0,0
1960,ELAINE,39.6122,975.0,24.6933,3,1,1
1960,FAYE,69.9644,946.0,,5,0,0
1960,GLORIA,19.5489,995.0,,1,0,0
1960,GLORIA,14.9189,1008.0,,0,0,0
1960,HESTER,19.5489,998.0,,1,0,0
1960,IRMA,19.5489,998.0,,1,0,0
1960,UNNAMED,14.9189,998.0,,0,0,1
1960,IRMA,19.5489,988.0,,1,0,0
1960,UNNAMED,11.8322,998.0,11.8322,0,1,1
1960,JUDY,39.6122,980.0,,3,0,0
1960,KIT,49.9011,960.0,34.9822,4,1,0
1960,UNNAMED,24.6933,992.0,,2,0,1
1960,LOLA,39.6122,970.0,,3,0,0
1960,MAMIE,54.5311,940.0,,5,0,0
1960,NINA,59.6755,950.0,,5,0,0
1960,UNNAMED,11.8322,1005.0,,0,0,1
1960,OPHELIA,74.5944,925.0,,5,0,0
1960,PHYLLIS,54.5311,965.0,,5,0,0
1961,RITA,19.5489,996.0,,1,0,0
1961,SUSAN,14.9189,1000.0,,0,0,0
1961,TESS,64.8199,941.0,,5,0,0
1961,ALICE,39.6122,975.0,34.9822,3,1,1
1961,BETTY,49.9011,947.0,34.9822,4,1,0
1961,UNNAMED,19.5489,1000.0,,1,0,1
1961,UNNAMED,14.9189,1002.0,8.7455,0,1,0
1961,UNNAMED,11.8322,1000.0,9.7744,0,1,1
1961,CORA,39.6122,985.0,,3,0,1
1961,DORIS,19.5489,986.0,19.5489,1,1,0
1961,UNNAMED,19.5489,996.0,,1,0,0
1961,DORIS,14.9189,990.0,,0,0,0
1961,UNNAMED,11.8322,1000.0,,0,0,0
1961,ELSIE,49.9011,975.0,11.8322,4,1,0
1961,FLOSSIE,24.6933,992.0,14.9189,2,1,0
1961,GRACE,19.5489,996.0,,1,0,0
1961,HELEN,49.9011,971.0,,4,0,0
1961,IDA,44.7566,980.0,,4,0,0
1961,JUNE,49.9011,960.0,29.8378,4,1,0
1961,UNNAMED,14.9189,998.0,,0,0,0
1961,UNNAMED,11.8322,994.0,,0,0,0
1961,KATHY,39.6122,988.0,,3,0,0
1961,UNNAMED,24.6933,992.0,,2,0,1
1961,UNNAMED,11.8322,1002.0,,0,0,0
1961,LORNA,64.8199,950.0,44.7566,5,1,0
1961,UNNAMED,11.8322,1003.0,,0,0,0
1961,UNNAMED,19.5489,995.0,17.4911,1,1,1
1961,MARIE,24.6933,998.0,,2,0,0
1961,OLGA,34.9822,980.0,34.9822,3,1,0
1961,PAMELA,84.8833,909.0,59.6755,5,1,0
1961,NANCY,99.8021,888.0,,5,0,0
1961,RUBY,29.8378,989.0,,2,0,0
1961,SALLY,39.6122,980.0,39.6122,3,1,0
1961,TILDA,59.6755,935.0,32.4100,5,1,0
1961,VIOLET,94.6577,895.0,,5,0,0
1961,WILDA,29.8378,990.0,,2,0,1
1961,UNNAMED,14.9189,1000.0,,0,0,0
1961,BILLIE,39.6122,970.0,,3,0,0
1961,ANITA,19.5489,1004.0,,1,0,1
1961,CLARA,39.6122,985.0,,3,0,0
1961,DOT,74.5944,925.0,,5,0,0
1961,UNNAMED,19.5489,998.0,,1,0,0
1961,ELLEN,69.9644,943.0,,5,0,0
1962,FRAN,24.6933,1000.0,,2,0,0
1962,GEORGIA,64.8199,929.0,,5,0,0
1962,HOPE,44.7566,978.0,,4,0,0
1962,UNNAMED,14.9189,998.0,10.2889,0,1,1
1962,IRIS,34.9822,990.0,,3,0,0
1962,JOAN,39.6122,985.0,,3,0,0
1962,UNNAMED,24.6933,990.0,,2,0,1
1962,KATE,39.6122,967.0,29.8378,3,1,0
1962,LOUISE,39.6122,961.0,,3,0,0
1962,NORA,39.6122,968.0,,3,0,0
1962,MARGE,19.5489,1002.0,,1,0,0
1962,OPAL,74.5944,900.0,59.6755,5,1,0
1962,UNNAMED,14.9189,994.0,,0,0,1
1962,PATSY,34.9822,975.0,34.9822,3,1,0
1962,RUTH,84.8833,915.0,,5,0,0
1962,SARAH,39.6122,972.0,,3,0,0
1962,THELMA,59.6755,948.0,,5,0,0
1962,VERA,39.6122,984.0,,3,0,0
1962,WANDA,49.9011,949.0,29.8378,4,1,0
1962,AMY,64.8199,935.0,44.7566,5,1,0
1962,BABE:BABS,24.6933,990.0,,2,0,0
1962,UNNAMED,19.5489,1000.0,,1,0,0
1962,CARLA:CLARA,34.9822,984.0,34.9822,3,1,1
1962,UNNAMED,14.9189,995.0,,0,0,0
1962,UNNAMED,14.9189,1000.0,,0,0,0
1962,DINAH,49.9011,955.0,19.5489,4,1,0
1962,EMMA,74.5944,890.0,,5,0,0
1962,FREDA,49.9011,948.0,,4,0,0
1962,HARRIET,19.5489,1000.0,,1,0,1
1962,GILDA,54.5311,953.0,,5,0,0
1962,IVY,39.6122,990.0,,3,0,0
1962,JEAN,39.6122,976.0,,3,0,0
1962,KAREN,79.7388,894.0,,5,0,0
1962,LUCY,44.7566,972.0,,4,0,0
1962,MARY,24.6933,1004.0,,2,0,1
1962,NADINE,29.8378,974.0,,2,0,0
1963,UNNAMED,14.9189,1001.0,,0,0,0
1963,OLIVE,64.8199,920.0,,5,0,0
1963,POLLY,34.9822,978.0,,3,0,0
1963,ROSE,24.6933,980.0,,2,0,1
1963,SHIRLEY,69.9644,935.0,,5,0,0
1963,TRIX,34.9822,980.0,29.8378,3,1,0
1963,VIRGINIA,24.6933,990.0,,2,0,0
1963,WENDY,69.9644,924.0,34.9822,5,1,0
1963,UNNAMED,14.9189,1002.0,,0,0,0
1963,AGNES,34.9822,983.0,24.6933,3,1,0
1963,BESS,64.8199,930.0,,5,0,0
1963,UNNAMED,19.5489,992.0,19.5489,1,1,1
1963,CARMEN,64.8199,934.0,,5,0,0
1963,UNNAMED,14.9189,1000.0,11.8322,0,1,1
1963,ELAINE,44.7566,965.0,,4,0,0
1963,DELLA,39.6122,971.0,,3,0,0
1963,UNNAMED,14.9189,997.0,9.2600,0,1,1
1963,FAYE,54.5311,958.0,32.4100,5,1,0
1963,UNNAMED,11.8322,1002.0,,0,0,1
1963,GLORIA,69.9644,918.0,29.8378,5,1,0
1963,HESTER,24.6933,996.0,,2,0,0
1963,IRMA,19.5489,1002.0,,1,0,0
1963,UNNAMED,11.8322,1004.0,,0,0,1
1963,JUDY,74.5944,914.0,,5,0,0
1963,UNNAMED,11.8322,1005.0,,0,0,1
1963,KIT,69.9644,932.0,,5,0,0
1963,LOLA,69.9644,943.0,,5,0,0
1963,MAMIE,54.5311,969.0,,5,0,0
1963,NINA,14.9189,1000.0,,0,0,0
1963,ORA,39.6122,980.0,,3,0,0
1963,PHYLLIS,39.6122,984.0,,3,0,0
1963,RITA,34.9822,993.0,,3,0,0
1963,SUSAN,69.9644,933.0,,5,0,0
1964,TESS,49.9011,966.0,,4,0,0
1964,VIOLA,34.9822,980.0,24.6933,3,1,1
1964,WINNIE,44.7566,955.0,44.7566,4,1,0
1964,ALICE,29.8378,995.0,,2,0,0
1964,BETTY,54.5311,958.0,,5,0,0
1964,CORA,64.8199,970.0,,5,0,0
1964,DORIS,39.6122,980.0,,3,0,0
1964,ELSIE,39.6122,995.0,,3,0,0
1964,FLOSSIE,39.6122,980.0,20.0633,3,1,0
1964,GRACE,24.6933,998.0,,2,0,0
1964,HELEN,74.5944,935.0,19.5489,5,1,0
1964,IDA,84.8833,925.0,29.8378,5,1,0
1964,JUNE,19.5489,996.0,,1,0,0
1964,KATHY,64.8199,948.0,,5,0,0
1964,LORNA,19.5489,1000.0,,1,0,0
1964,MARIE,39.6122,983.0,,3,0,0
1964,NANCY,14.9189,1000.0,,0,0,0
1964,OLGA,24.6933,994.0,,2,0,1
1964,RUBY,44.7566,960.0,32.4100,4,1,0
1964,SALLY,99.8021,897.0,29.8378,5,1,0
1964,TILDA,49.9011,965.0,,4,0,0
1964,VIOLET,34.9822,988.0,,3,0,1
1964,UNNAMED,14.9189,1002.0,,0,0,0
1964,WILDA,74.5944,906.0,,5,0,0
1964,UNNAMED,14.9189,998.0,,0,0,0
1964,ANITA,19.5489,995.0,,1,0,1
1964,BILLIE,29.8378,994.0,,2,0,0
1964,CLARA,39.6122,975.0,,3,0,0
1964,DOT,44.7566,975.0,29.8378,4,1,0
1964,ELLEN,24.6933,1000.0,,2,0,0
1964,FRAN,24.6933,996.0,,2,0,0
1964,GEORGIA,24.6933,994.0,,2,0,0
1964,HOPE,39.6122,974.0,,3,0,0
1964,IRIS,29.8378,988.0,,2,0,0
1964,JOAN,24.6933,998.0,,2,0,0
1964,KATE,34.9822,988.0,,3,0,1
1964,LOUISE:MARGE,79.7388,923.0,,5,0,0
1964,NORA,24.6933,997.0,,2,0,1
1964,OPAL,84.8833,904.0,,5,0,0
1964,UNNAMED,11.8322,1002.0,,0,0,0
1965,UNNAMED,14.9189,1003.0,,0,0,0
1965,PATSY,34.9822,989.0,,3,0,0
1965,RUTH,29.8378,994.0,,2,0,0
1965,UNNAMED,11.8322,1002.0,,0,0,0
1965,SARAH,19.5489,1002.0,,1,0,1
1965,THELMA,14.9189,1000.0,,0,0,0
1965,VERA,19.5489,1004.0,,1,0,0
1965,WANDA,24.6933,1000.0,,2,0,0
1965,AMY,49.9011,976.0,,4,0,0
1965,CARLA,34.9822,988.0,,3,0,1
1965,BABE,34.9822,988.0,14.9189,3,1,1
1965,DINAH,79.7388,934.0,34.9822,5,1,0
1965,UNNAMED,11.8322,1000.0,11.8322,0,1,1
1965,EMMA,24.6933,993.0,,2,0,0
1965,UNNAMED,14.9189,1004.0,,0,0,0
1965,UNNAMED,14.9189,1002.0,,0,0,0
1965,FREDA,74.5944,923.0,,5,0,0
1965,UNNAMED,11.8322,999.0,,0,0,1
1965,GILDA,24.6933,985.0,19.5489,2,1,0
1965,UNNAMED,14.9189,1004.0,,0,0,0
1965,HARRIET,44.7566,977.0,37.5544,4,1,0
1965,JEAN,64.8199,940.0,,5,0,0
1965,IVY,34.9822,990.0,,3,0,0
1965,KIM,29.8378,986.0,,2,0,0
1965,NADINE,29.8378,990.0,24.6933,2,1,1
1965,MARY,74.5944,940.0,54.5311,5,1,0
1965,LUCY,69.9644,944.0,,5,0,0
1965,OLIVE,74.5944,938.0,,5,0,0
1965,POLLY,19.5489,995.0,,1,0,1
1965,ROSE,49.9011,980.0,20.0633,4,1,0
1965,SHIRLEY,69.9644,936.0,,5,0,0
1965,TRIX,64.8199,934.0,,5,0,0
1965,VIRGINIA,29.8378,980.0,,2,0,0
1965,WENDY,24.6933,980.0,,2,0,0
1965,AGNES,14.9189,1004.0,,0,0,1
1965,AGNES,29.8378,980.0,20.0633,2,1,1
1965,BESS,74.5944,901.0,,5,0,0
1965,CARMEN,74.5944,914.0,,5,0,0
1965,DELLA,49.9011,971.0,,4,0,0
1965,ELAINE,24.6933,992.0,8.7455,2,1,1
1965,FAYE,74.5944,926.0,,5,0,0
1965,GLORIA,14.9189,1004.0,,0,0,1
1966,HESTER,39.6122,980.0,,3,0,0
1966,IRMA,44.7566,971.0,,4,0,0
1966,JUDY,44.7566,971.0,24.6933,4,1,1
1966,KIT,89.5133,886.0,,5,0,0
1966,LOLA,29.8378,986.0,19.5489,2,1,0
1966,MAMIE,34.9822,987.0,17.4911,3,1,0
1966,NINA,34.9822,993.0,,3,0,0
1966,UNNAMED,11.8322,1002.0,,0,0,0
1966,UNNAMED,14.9189,1000.0,9.7744,0,1,0
1966,ORA,44.7566,970.0,40.1266,4,1,1
1966,PHYLLIS,19.5489,996.0,,1,0,1
1966,RITA,39.6122,976.0,,3,0,0
1966,UNNAMED,24.6933,996.0,,2,0,0
1966,TESS,44.7566,973.0,29.8378,4,1,0
1966,SUSAN,39.6122,984.0,,3,0,1
1966,VIOLA,54.5311,978.0,,5,0,0
1966,WINNIE,34.9822,973.0,14.9189,3,1,0
1966,BETTY,24.6933,986.0,,2,0,0
1966,ALICE,59.6755,937.0,28.2944,5,1,0
1966,CORA,64.8199,918.0,22.1211,5,1,0
1966,UNNAMED,14.9189,1002.0,,0,0,1
1966,UNNAMED,19.5489,997.0,,1,0,0
1966,DORIS,29.8378,980.0,,2,0,0
1966,FLOSSIE,39.6122,964.0,,3,0,0
1966,ELSIE,54.5311,943.0,,5,0,1
1966,UNNAMED,14.9189,1000.0,,0,0,0
1966,GRACE,39.6122,972.0,,3,0,0
1966,HELEN,39.6122,977.0,,3,0,0
1966,IDA,39.6122,961.0,,3,0,0
1966,JUNE,54.5311,969.0,,5,0,0
1966,UNNAMED,29.8378,990.0,,2,0,0
1966,UNNAMED,24.6933,1004.0,,2,0,0
1966,KATHY,49.9011,949.0,,4,0,0
1966,UNNAMED,11.8322,1003.0,,0,0,1
1966,LORNA,34.9822,991.0,,3,0,0
1966,UNNAMED,19.5489,995.0,,1,0,0
1966,MARIE,49.9011,947.0,,4,0,0
1966,UNNAMED,11.8322,1004.0,,0,0,1
1966,NANCY,29.8378,977.0,,2,0,0
1966,OLGA,24.6933,994.0,,2,0,0
1966,UNNAMED,14.9189,1004.0,,0,0,0
1966,UNNAMED,14.9189,999.0,,0,0,0
1966,PAMELA,49.9011,968.0,,4,0,0
1967,UNNAMED,14.9189,1002.0,,0,0,0
1967,RUBY,19.5489,996.0,,1,0,0
1967,SALLY,39.6122,980.0,,3,0,0
1967,THERESE,29.8378,991.0,,2,0,0
1967,VIOLET,59.6755,930.0,,5,0,0
1967,WILDA,19.5489,1004.0,,1,0,0
1967,UNNAMED,14.9189,1002.0,,0,0,0
1967,ANITA,44.7566,975.0,29.8378,4,1,0
1967,UNNAMED,14.9189,1001.0,,0,0,1
1967,BILLIE,34.9822,979.0,,3,0,0
1967,CLARA,49.9011,962.0,32.4100,4,1,0
1967,DOT,29.8378,984.0,,2,0,0
1967,DOT,34.9822,976.0,24.6933,3,1,0
1967,UNNAMED,14.9189,1001.0,,0,0,0
1967,ELLEN,39.6122,970.0,,3,0,0
1967,FRAN,34.9822,970.0,29.8378,3,1,1
1967,GEORGIA,34.9822,975.0,,3,0,0
1967,UNNAMED,19.5489,992.0,17.4911,1,1,0
1967,HOPE,39.6122,983.0,,3,0,0
1967,UNNAMED,14.9189,999.0,,0,0,0
1967,UNNAMED,14.9189,995.0,10.2889,0,1,1
1967,UNNAMED,24.6933,990.0,,2,0,0
1967,IRIS,24.6933,990.0,19.5489,2,1,0
1967,LOUISE,29.8378,980.0,,2,0,0
1967,KATE,34.9822,980.0,24.6933,3,1,0
1967,JOAN,29.8378,989.0,,2,0,0
1967,UNNAMED,14.9189,1002.0,,0,0,0
1967,UNNAMED,11.8322,998.0,,0,0,0
1967,MARGE,69.9644,941.0,,5,0,0
1967,NORA,34.9822,982.0,29.8378,3,1,0
1967,OPAL,74.5944,919.0,,5,0,0
1967,PATSY,24.6933,990.0,17.4911,2,1,0
1967,RUTH,59.6755,942.0,,5,0,0
1967,SARAH,59.6755,931.0,,5,0,0
1967,THELMA,24.6933,964.0,,2,0,0
1967,VERA,24.6933,995.0,,2,0,0
1967,UNNAMED,11.8322,1003.0,,0,0,1
1967,WANDA,49.9011,959.0,,4,0,0
1967,UNNAMED,24.6933,986.0,,2,0,0
1967,UNNAMED,11.8322,1004.0,,0,0,0
1967,UNNAMED,11.8322,1006.0,,0,0,1
1967,AMY,39.6122,961.0,,3,0,0
1967,UNNAMED,24.6933,992.0,,2,0,0
1967,UNNAMED,14.9189,1004.0,,0,0,1
1967,BABE,34.9822,978.0,,3,0,0
1967,CARLA,79.7388,900.0,20.0633,5,1,0
1967,DINAH,49.9011,948.0,,4,0,0
1967,EMMA,64.8199,912.0,19.5489,5,1,0
1967,FREDA,44.7566,973.0,,4,0,0
1967,GILDA,69.9644,907.0,34.9822,5,1,0
1967,HARRIET,54.5311,953.0,,5,0,0
1967,GILDA,19.5489,1000.0,,1,0,1
1967,IVY,29.8378,980.0,,2,0,0
1968,UNNAMED,14.9189,1002.0,,0,0,0
1968,UNNAMED,19.5489,999.0,,1,0,0
1968,JEAN,69.9644,928.0,,5,0,0
1968,KIM,49.9011,949.0,,4,0,0
1968,UNNAMED,19.5489,1002.0,,1,0,0
1968,UNNAMED,14.9189,1002.0,,0,0,1
1968,LUCY,59.6755,941.0,,5,0,0
1968,MARY,64.8199,924.0,,5,0,0
1968,NADINE,34.9822,972.0,34.9822,3,1,0
1968,OLIVE,24.6933,986.0,,2,0,1
1968,NADINE,29.8378,980.0,,2,0,0
1968,UNNAMED,14.9189,992.0,,0,0,0
1968,UNNAMED,14.9189,996.0,,0,0,0
1968,UNNAMED,11.8322,1002.0,9.2600,0,1,1
1968,POLLY,39.6122,965.0,,3,0,0
1968,ROSE,34.9822,970.0,32.4100,3,1,0
1968,UNNAMED,11.8322,999.0,,0,0,0
1968,SHIRLEY,39.6122,963.0,14.9189,3,1,0
1968,UNNAMED,11.8322,1000.0,,0,0,0
1968,TRIX,29.8378,978.0,,2,0,0
1968,VIRGINIA,24.6933,990.0,,2,0,0
1968,AGNES,74.5944,902.0,,5,0,0
1968,WENDY,69.9644,918.0,29.8378,5,1,0
1968,BESS,39.6122,965.0,,3,0,0
1968,UNNAMED,14.9189,980.0,,0,0,0
1968,WENDY,14.9189,993.0,,0,0,0
1968,DELLA,59.6755,930.0,,5,0,0
1968,CARMEN,54.5311,935.0,,5,0,0
1968,ELAINE,74.5944,910.0,24.6933,5,1,0
1968,FAYE,69.9644,913.0,,5,0,0
1968,UNNAMED,14.9189,1006.0,,0,0,0
1968,GLORIA,44.7566,951.0,,4,0,0
1968,HESTER,24.6933,988.0,,2,0,1
1968,IRMA,44.7566,956.0,,4,0,0
1968,JUDY,64.8199,929.0,,5,0,0
1968,KIT,49.9011,960.0,,4,0,0
1968,LOLA,54.5311,940.0,,5,0,0
1968,MAMIE,39.6122,973.0,,3,0,0
1968,NINA,44.7566,964.0,,4,0,0
1968,ORA,59.6755,932.0,,5,0,0
1969,PHYLLIS,44.7566,967.0,,4,0,0
1969,UNNAMED,14.9189,998.0,,0,0,0
1969,RITA,19.5489,993.0,,1,0,0
1969,SUSAN,49.9011,942.0,,4,0,0
1969,TESS,39.6122,969.0,,3,0,0
1969,UNNAMED,11.8322,1004.0,,0,0,0
1969,VIOLA,74.5944,896.0,39.6122,5,1,0
1969,UNNAMED,11.8322,998.0,10.2889,0,1,1
1969,WINNIE,29.8378,987.0,,2,0,0
1969,ALICE,29.8378,984.0,,2,0,0
1969,BETTY,39.6122,963.0,25.2078,3,1,0
1969,CORA,49.9011,940.0,,4,0,0
1969,DORIS,34.9822,973.0,,3,0,0
1969,UNNAMED,14.9189,998.0,,0,0,0
1969,UNNAMED,14.9189,1003.0,,0,0,0
1969,UNNAMED,24.6933,990.0,19.5489,2,1,1
1969,UNNAMED,14.9189,996.0,,0,0,1
1969,UNNAMED,19.5489,992.0,19.5489,1,1,0
1969,UNNAMED,14.9189,1004.0,,0,0,0
1969,ELSIE,84.8833,888.0,44.7566,5,1,0
1969,UNNAMED,14.9189,998.0,,0,0,0
1969,FLOSSIE,39.6122,958.0,,3,0,0
1969,GRACE,49.9011,936.0,,4,0,0
1969,UNNAMED,14.9189,1004.0,,0,0,1
1969,HELEN,64.8199,931.0,,5,0,0
1969,IDA,79.7388,914.0,,5,0,0
1969,JUNE,59.6755,939.0,,5,0,0
1969,KATHY,59.6755,930.0,,5,0,0
1969,UNNAMED,24.6933,1002.0,,2,0,1
1969,LORNA,29.8378,987.0,,2,0,0
1969,UNNAMED,14.9189,1004.0,,0,0,0
1969,MARIE,24.6933,994.0,,2,0,0
1970,NANCY,64.8199,949.0,,5,0,0
1970,UNNAMED,11.8322,1004.0,,0,0,0
1970,UNNAMED,19.5489,992.0,,1,0,1
1970,UNNAMED,14.9189,1000.0,9.7744,0,1,1
1970,UNNAMED,11.8322,1002.0,11.8322,0,1,1
1970,PAMELA,29.8378,980.0,,2,0,0
1970,OLGA,69.9644,904.0,,5,0,0
1970,RUBY,24.6933,984.0,14.9189,2,1,0
1970,UNNAMED,19.5489,1006.0,,1,0,0
1970,UNNAMED,11.8322,1004.0,,0,0,0
1970,SALLY,24.6933,992.0,,2,0,0
1970,UNNAMED,11.8322,1001.0,,0,0,0
1970,UNNAMED,14.9189,1006.0,,0,0,0
1970,UNNAMED,24.6933,990.0,22.1211,2,1,0
1970,UNNAMED,19.5489,994.0,,1,0,0
1970,THERESE,19.5489,988.0,,1,0,0
1970,UNNAMED,14.9189,997.0,,0,0,0
1970,VIOLET,19.5489,990.0,11.8322,1,1,0
1970,WILDA,54.5311,939.0,,5,0,0
1970,ANITA,69.9644,912.0,,5,0,0
1970,UNNAMED,11.8322,997.0,,0,0,1
1970,UNNAMED,11.8322,1006.0,,0,0,0
1970,BILLIE,54.5311,945.0,14.9189,5,1,0
1970,UNNAMED,14.9189,1000.0,,0,0,0
1970,UNNAMED,14.9189,1004.0,,0,0,0
1970,CLARA,44.7566,965.0,,4,0,0
1970,UNNAMED,11.8322,997.0,9.7744,0,1,0
1970,FRAN,29.8378,976.0,27.2655,2,1,0
1970,ELLEN,19.5489,985.0,,1,0,0
1970,UNNAMED,14.9189,995.0,9.7744,0,1,1
1970,GEORGIA,64.8199,904.0,29.8378,5,1,0
1970,UNNAMED,11.8322,1008.0,,0,0,0
1970,UNNAMED,14.9189,1002.0,,0,0,0
1970,HOPE,69.9644,895.0,,5,0,0
1970,UNNAMED,11.8322,1000.0,,0,0,1
1970,UNNAMED,14.9189,1003.0,,0,0,0
1970,IRIS,44.7566,960.0,,4,0,1
1970,UNNAMED,19.5489,1000.0,,1,0,0
1970,UNNAMED,14.9189,1000.0,,0,0,0
1970,JOAN,74.5944,901.0,17.4911,5,1,0
1970,KATE,74.5944,938.0,,5,0,0
1970,UNNAMED,14.9189,1002.0,,0,0,0
1970,LOUISE,29.8378,978.0,,2,0,0
1970,MARGE,29.8378,987.0,,2,0,0
1970,NORA,24.6933,1002.0,,2,0,1
1970,OPAL,24.6933,991.0,,2,0,0
1970,PATSY,59.6755,905.0,,5,0,0
1970,RUTH,19.5489,996.0,,1,0,0
1970,UNNAMED,14.9189,1002.0,,0,0,1
1971,SARAH,24.6933,989.0,,2,0,0
1971,THELMA,24.6933,992.0,,2,0,0
1971,UNNAMED,14.9189,1008.0,,0,0,0
1971,VERA,14.9189,1001.0,,0,0,0
1971,WANDA,34.9822,976.0,11.8322,3,1,0
1971,AMY,69.9644,895.0,,5,0,0
1971,BABE,24.6933,995.0,,2,0,1
1971,UNNAMED,14.9189,1005.0,,0,0,0
1971,CARLA,24.6933,990.0,,2,0,0
1971,DINAH,39.6122,965.0,24.6933,3,1,0
1971,EMMA,19.5489,995.0,,1,0,0
1971,FREDA,34.9822,978.0,24.6933,3,1,0
1971,UNNAMED,14.9189,996.0,,0,0,1
1971,GILDA,44.7566,968.0,39.6122,4,1,0
1971,HARRIET,59.6755,921.0,,5,0,0
1971,IVY,34.9822,978.0,,3,0,0
1971,KIM,24.6933,980.0,,2,0,0
1971,JEAN,54.5311,968.0,,5,0,0
1971,LUCY,59.6755,912.0,29.8378,5,1,0
1971,MARY,34.9822,973.0,,3,0,0
1971,NADINE,69.9644,896.0,44.7566,5,1,0
1971,LUCY,19.5489,990.0,,1,0,0
1971,OLIVE,44.7566,936.0,,4,0,0
1971,POLLY,24.6933,980.0,,2,0,0
1971,ROSE,59.6755,959.0,34.9822,5,1,0
1971,UNNAMED,11.8322,995.0,,0,0,0
1971,SHIRLEY,49.9011,955.0,,4,0,0
1971,TRIX,44.7566,915.0,,4,0,0
1971,UNNAMED,24.6933,992.0,,2,0,0
1971,UNNAMED,14.9189,1002.0,,0,0,1
1971,VIRGINIA,49.9011,954.0,,4,0,0
1971,WENDY,69.9644,915.0,,5,0,0
1971,AGNES,39.6122,976.0,37.5544,3,1,0
1971,UNNAMED,11.8322,1000.0,,0,0,0
1971,UNNAMED,14.9189,996.0,,0,0,0
1971,BESS,64.8199,905.0,39.6122,5,1,0
1971,CARMEN,24.6933,992.0,,2,0,0
1971,DELLA,34.9822,970.0,27.2655,3,1,0
1971,UNNAMED,14.9189,1001.0,,0,0,1
1971,ELAINE,59.6755,960.0,,5,0,0
1971,FAYE:GLORIA,39.6122,982.0,,3,0,0
1971,UNNAMED,24.6933,1002.0,,2,0,0
1971,UNNAMED,29.8378,988.0,,2,0,0
1971,FAYE:GLORIA,29.8378,982.0,,2,0,0
1971,FAYE:GLORIA,24.6933,990.0,,2,0,0
1971,HESTER,39.6122,967.0,,3,0,0
1971,UNNAMED,14.9189,1002.0,,0,0,0
1971,UNNAMED,11.8322,1006.0,,0,0,0
1971,IRMA,64.8199,884.0,,5,0,0
1971,JUDY,19.5489,1000.0,,1,0,1
1971,JUDY,14.9189,1006.0,,0,0,0
1971,UNNAMED,14.9189,1006.0,,0,0,1
1971,UNNAMED,14.9189,1002.0,,0,0,1
1971,UNNAMED,11.8322,1005.0,,0,0,0
1972,KIT,49.9011,933.0,,4,0,0
1972,UNNAMED,14.9189,1002.0,,0,0,0
1972,UNNAMED,14.9189,1000.0,,0,0,0
1972,LOLA,44.7566,956.0,,4,0,0
1972,NINA,19.5489,996.0,,1,0,0
1972,MAMIE,19.5489,989.0,,1,1,1
1972,UNNAMED,11.8322,1000.0,,0,0,0
1972,ORA,39.6122,981.0,14.9189,3,1,0
1972,PHYLLIS,64.8199,944.0,,5,0,0
1972,RITA,64.8199,911.0,14.9189,5,1,0
1972,SUSAN,44.7566,980.0,12.3467,4,1,0
1972,UNNAMED,14.9189,1000.0,,0,0,1
1972,TESS,69.9644,940.0,9.7744,5,1,0
1972,VIOLA,34.9822,980.0,,3,0,0
1972,UNNAMED,19.5489,990.0,,1,0,0
1972,ALICE,39.6122,965.0,,3,0,0
1972,WINNIE,29.8378,988.0,22.6355,2,1,0
1972,BETTY,59.6755,910.0,40.1266,5,1,0
1972,CORA,29.8378,970.0,29.8378,2,1,0
1972,DORIS,24.6933,986.0,,2,0,0
1972,ELSIE,44.7566,974.0,,4,0,0
1972,UNNAMED,14.9189,1003.0,,0,0,0
1972,FLOSSIE,34.9822,975.0,,3,0,0
1972,HELEN,49.9011,958.0,,4,0,0
1972,GRACE,24.6933,989.0,,2,0,0
1972,IDA,59.6755,932.0,,5,0,0
1972,LORNA,39.6122,990.0,,3,0,0
1972,KATHY,39.6122,976.0,,3,0,0
1972,MARIE,49.9011,936.0,,4,0,0
1972,NANCY,64.8199,945.0,,5,0,0
1972,OLGA,59.6755,939.0,,5,0,0
1972,PAMELA,49.9011,940.0,34.9822,4,1,0
1972,PAMELA,19.5489,1000.0,14.9189,1,1,0
1972,RUBY,64.8199,940.0,,5,0,0
1972,THERESE,54.5311,944.0,,5,0,0
1972,SALLY,44.7566,984.0,,4,0,1
1972,VIOLET,24.6933,995.0,,2,0,0
1973,WILDA,34.9822,978.0,29.8378,3,1,0
1973,ANITA,39.6122,975.0,,3,0,1
1973,BILLIE,64.8199,917.0,18.5200,5,1,0
1973,DOT,34.9822,975.0,24.6933,3,1,1
1973,CLARA,29.8378,990.0,,2,0,0
1973,ELLEN,54.5311,943.0,,5,0,0
1973,FRAN,19.5489,1000.0,,1,0,0
1973,GEORGIA,34.9822,960.0,29.8378,3,1,0
1973,IRIS,39.6122,972.0,,3,0,0
1973,HOPE,24.6933,996.0,,2,0,0
1973,UNNAMED,14.9189,1006.0,,0,0,0
1973,JOAN,29.8378,980.0,19.5489,2,1,0
1973,KATE,29.8378,970.0,29.8378,2,1,0
1973,JOAN,19.5489,995.0,,1,0,0
1973,UNNAMED,19.5489,1000.0,,1,0,0
1973,UNNAMED,24.6933,995.0,11.8322,2,1,1
1973,LOUISE,39.6122,974.0,39.6122,3,1,0
1973,MARGE,59.6755,925.0,49.9011,5,1,0
1973,UNNAMED,11.8322,1005.0,,0,0,1
1973,NORA,69.9644,875.0,29.8378,5,1,0
1973,OPAL,39.6122,968.0,,3,0,1
1973,PATSY,69.9644,893.0,,5,0,0
1973,RUTH,39.6122,957.0,34.9822,3,1,0
1973,UNNAMED,14.9189,1002.0,,0,0,0
1973,SARAH,24.6933,984.0,,2,0,1
1973,THELMA,29.8378,991.0,,2,0,0
1973,VERA,29.8378,990.0,,2,0,0
1973,UNNAMED,14.9189,1006.0,,0,0,1
1973,UNNAMED,19.5489,1000.0,,1,0,0
1973,UNNAMED,14.9189,1006.0,,0,0,1
1974,WANDA,29.8378,992.0,,2,0,0
1974,AMY,29.8378,988.0,,2,0,0
1974,BABE,34.9822,983.0,,3,0,0
1974,CARLA,49.9011,963.0,,4,0,0
1974,DINAH,34.9822,974.0,29.8378,3,1,0
1974,UNNAMED,24.6933,990.0,17.4911,2,1,1
1974,EMMA,29.8378,988.0,,2,0,0
1974,FREDA,24.6933,989.0,,2,0,0
1974,GILDA,39.6122,944.0,,3,0,0
1974,UNNAMED,14.9189,1000.0,,0,0,0
1974,HARRIET,24.6933,996.0,,2,0,0
1974,JEAN,29.8378,991.0,,2,0,0
1974,IVY,59.6755,945.0,39.6122,5,1,0
1974,KIM,29.8378,989.0,,2,0,0
1974,LUCY,24.6933,990.0,14.9189,2,1,1
1974,UNNAMED,14.9189,1000.0,,0,0,0
1974,UNNAMED,11.8322,1002.0,,0,0,0
1974,MARY,34.9822,964.0,32.4100,3,1,0
1974,UNNAMED,24.6933,996.0,,2,0,0
1974,UNNAMED,19.5489,988.0,,1,0,1
1974,NADINE,29.8378,982.0,,2,0,0
1974,UNNAMED,19.5489,991.0,,1,0,0
1974,MARY,14.9189,994.0,8.7455,0,1,0
1974,POLLY,49.9011,948.0,,4,0,0
1974,ROSE,24.6933,985.0,,2,0,1
1974,UNNAMED,29.8378,980.0,20.0633,2,1,0
1974,SHIRLEY,44.7566,972.0,,4,0,0
1974,TRIX,24.6933,980.0,22.1211,2,1,1
1974,VIRGINIA,39.6122,971.0,,3,0,0
1974,UNNAMED,11.8322,1003.0,,0,0,0
1974,WENDY,29.8378,984.0,29.8378,2,1,0
1974,AGNES,54.5311,961.0,,5,0,0
1974,BESS,39.6122,980.0,24.6933,3,1,0
1974,CARMEN,39.6122,974.0,,3,0,0
1974,DELLA,49.9011,958.0,32.4100,4,1,0
1974,ELAINE,44.7566,944.0,,4,0,0
1974,FAYE,24.6933,990.0,,2,0,0
1974,GLORIA,64.8199,937.0,,5,0,0
1974,HESTER,19.5489,1000.0,,1,0,0
1974,IRMA,49.9011,939.0,14.9189,4,1,0
1974,JUDY,19.5489,1000.0,,1,0,0
1974,KIT,19.5489,996.0,,1,0,0
1975,LOLA,39.6122,975.0,,3,0,0
1975,UNNAMED,11.8322,1003.0,,0,0,0
1975,UNNAMED,14.9189,992.0,11.8322,0,1,1
1975,UNNAMED,14.9189,1003.0,,0,0,0
1975,MAMIE,19.5489,994.0,,1,0,0
1975,NINA,64.8199,900.0,44.7566,5,1,0
1975,UNNAMED,14.9189,998.0,,0,0,0
1975,UNNAMED,14.9189,996.0,,0,0,0
1975,RITA,34.9822,970.0,19.5489,3,1,1
1975,ORA,39.6122,970.0,37.5544,3,1,0
1975,PHYLLIS,59.6755,931.0,,5,0,0
1975,RITA,14.9189,995.0,,0,0,0
1975,UNNAMED,14.9189,998.0,11.8322,0,1,1
1975,SUSAN,29.8378,985.0,,2,0,0
1975,UNNAMED,24.6933,1000.0,,2,0,1
1975,TESS,49.9011,945.0,,4,0,0
1975,VIOLA,24.6933,990.0,,2,0,0
1975,UNNAMED,14.9189,1001.0,,0,0,1
1975,WINNIE,34.9822,980.0,,3,0,0
1975,ALICE,34.9822,970.0,29.8378,3,1,0
1975,BETTY,39.6122,948.0,34.9822,3,1,0
1975,CORA,54.5311,944.0,,5,0,0
1975,DORIS,34.9822,970.0,32.4100,3,1,1
1975,ELSIE,59.6755,900.0,27.2655,5,1,0
1975,FLOSSIE,34.9822,970.0,22.6355,3,1,0
1975,FLOSSIE,14.9189,1002.0,,0,0,0
1975,FLOSSIE,14.9189,999.0,,0,0,0
1975,GRACE,29.8378,985.0,,2,0,0
1975,HELEN,19.5489,998.0,,1,0,0
1975,IDA,39.6122,950.0,,3,0,0
1975,JUNE,74.5944,875.0,,5,0,0
1975,UNNAMED,24.6933,995.0,,2,0,1
1976,KATHY,49.9011,971.0,,4,0,0
1976,UNNAMED,14.9189,1001.0,,0,0,0
1976,UNNAMED,14.9189,1000.0,,0,0,0
1976,LORNA,19.5489,998.0,,1,0,0
1976,MARIE,49.9011,930.0,,4,0,0
1976,NANCY,29.8378,981.0,,2,0,0
1976,OLGA,39.6122,934.0,,3,0,0
1976,PAMELA,64.8199,921.0,,5,0,0
1976,UNNAMED,14.9189,1000.0,,0,0,0
1976,RUBY,49.9011,934.0,,4,0,0
1976,UNNAMED,14.9189,999.0,9.7744,0,1,1
1976,SALLY,44.7566,923.0,,4,0,0
1976,THERESE,64.8199,898.0,,5,0,0
1976,WILDA,24.6933,985.0,,2,0,0
1976,ANITA,34.9822,978.0,,3,0,0
1976,VIOLET,34.9822,970.0,24.6933,3,1,1
1976,BILLIE,59.6755,910.0,44.7566,5,1,0
1976,CLARA,34.9822,978.0,24.6933,3,1,1
1976,DOT,29.8378,989.0,,2,0,0
1976,ELLEN,29.8378,985.0,29.8378,2,1,0
1976,FRAN,64.8199,912.0,,5,0,0
1976,GEORGIA,24.6933,990.0,,2,0,0
1976,GEORGIA,19.5489,996.0,,1,0,0
1976,IRIS,34.9822,975.0,32.4100,3,1,1
1976,HOPE,34.9822,965.0,,3,0,0
1976,JOAN,34.9822,965.0,,3,0,0
1976,LOUISE,64.8199,896.0,,5,0,0
1976,MARGE,34.9822,975.0,,3,0,0
1976,NORA,24.6933,990.0,,2,0,0
1976,OPAL,19.5489,996.0,,1,0,0
1977,UNNAMED,14.9189,1002.0,,0,0,0
1977,PATSY,24.6933,990.0,,2,0,0
1977,UNNAMED,19.5489,994.0,,1,0,0
1977,RUTH,29.8378,970.0,,2,0,0
1977,UNNAMED,19.5489,990.0,11.8322,1,1,1
1977,SARAH,34.9822,957.0,29.8378,3,1,0
1977,THELMA,44.7566,945.0,37.5544,4,1,0
1977,VERA,54.5311,925.0,44.7566,5,1,0
1977,WANDA,19.5489,985.0,,1,0,0
1977,UNNAMED,14.9189,992.0,,0,0,0
1977,UNNAMED,14.9189,996.0,,0,0,0
1977,AMY,24.6933,985.0,,2,0,0
1977,AMY,11.8322,995.0,,0,0,0
1977,UNNAMED,24.6933,988.0,,2,0,0
1977,UNNAMED,11.8322,1000.0,,0,0,0
1977,BABE,69.9644,906.0,24.6933,5,1,0
1977,CARLA,24.6933,985.0,,2,0,0
1977,DINAH,34.9822,963.0,,3,0,0
1977,EMMA,29.8378,966.0,,2,0,0
1977,FREDA,29.8378,980.0,22.1211,2,1,0
1977,GILDA,34.9822,967.0,,3,0,0
1977,UNNAMED,19.5489,990.0,,1,0,0
1977,UNNAMED,14.9189,1000.0,,0,0,0
1977,HARRIET,29.8378,980.0,,2,0,0
1977,IVY,44.7566,945.0,,4,0,0
1977,JEAN,34.9822,970.0,,3,0,0
1977,KIM,59.6755,920.0,,5,0,0
1977,LUCY,59.6755,917.0,,5,0,0
1977,MARY,49.9011,945.0,,4,0,0
1978,NADINE,29.8378,972.0,,2,0,0
1978,OLIVE,44.7566,955.0,,4,0,0
1978,POLLY,24.6933,985.0,,2,0,0
1978,ROSE,24.6933,990.0,9.2600,2,1,0
1978,UNNAMED,11.8322,994.0,9.2600,0,1,1
1978,SHIRLEY,19.5489,995.0,,1,0,0
1978,UNNAMED,14.9189,1004.0,,0,0,0
1978,TRIX,39.6122,970.0,34.9822,3,1,0
1978,VIRGINIA,34.9822,974.0,,3,0,0
1978,AGNES,39.6122,960.0,19.5489,3,1,1
1978,WENDY,39.6122,961.0,,3,0,0
1978,BESS:BONNIE,24.6933,983.0,,2,0,0
1978,CARMEN,39.6122,965.0,,3,0,0
1978,BESS,19.5489,987.0,,1,0,1
1978,DELLA,24.6933,985.0,22.1211,2,1,0
1978,UNNAMED,19.5489,998.0,,1,0,0
1978,UNNAMED,14.9189,996.0,,0,0,1
1978,ELAINE,34.9822,965.0,29.8378,3,1,0
1978,FAYE,59.6755,936.0,,5,0,0
1978,GLORIA,19.5489,990.0,,1,0,0
1978,HESTER,24.6933,990.0,,2,0,0
1978,UNNAMED,14.9189,1000.0,,0,0,1
1978,JUDY,44.7566,950.0,,4,0,0
1978,IRMA,29.8378,972.0,,2,0,0
1978,UNNAMED,14.9189,998.0,,0,0,0
1978,KIT,29.8378,980.0,29.8378,2,1,0
1978,LOLA,39.6122,965.0,29.8378,3,1,0
1978,MAMIE,34.9822,963.0,,3,0,0
1978,NINA,29.8378,975.0,9.7744,2,1,0
1978,ORA,44.7566,943.0,,4,0,0
1978,UNNAMED,14.9189,1002.0,,0,0,0
1978,UNNAMED,14.9189,1004.0,,0,0,0
1978,PHYLLIS,44.7566,953.0,,4,0,0
1978,RITA,74.5944,878.0,,5,0,0
1978,UNNAMED,24.6933,992.0,,2,0,0
1978,TESS,34.9822,968.0,,3,0,0
1978,UNNAMED,11.8322,1000.0,,0,0,0
1978,VIOLA,59.6755,910.0,,5,0,0
1978,UNNAMED,11.8322,1000.0,,0,0,0
1978,WINNIE,29.8378,975.0,,2,0,0
1978,UNNAMED,11.8322,1004.0,,0,0,0
1979,ALICE,49.9011,928.0,,4,0,0
1979,BESS,39.6122,955.0,,3,0,0
1979,CECIL,44.7566,965.0,,4,0,0
1979,DOT,19.5489,986.0,,1,0,0
1979,UNNAMED,19.5489,995.0,,1,0,1
1979,UNNAMED,14.9189,1004.0,,0,0,1
1979,UNNAMED,14.9189,998.0,,0,0,1
1979,ELLIS,44.7566,955.0,19.5489,4,1,0
1979,FAYE,24.6933,990.0,,2,0,0
1979,UNNAMED,11.8322,1002.0,,0,0,0
1979,HOPE,69.9644,898.0,44.7566,5,1,0
1979,GORDON,29.8378,975.0,24.6933,2,1,0
1979,UNNAMED,14.9189,998.0,,0,0,0
1979,UNNAMED,14.9189,995.0,,0,0,1
1979,UNNAMED,11.8322,1004.0,,0,0,0
1979,IRVING,39.6122,955.0,,3,0,0
1979,UNNAMED,14.9189,998.0,,0,0,0
1979,JUDY,64.8199,908.0,,5,0,0
1979,UNNAMED,14.9189,1004.0,,0,0,0
1979,UNNAMED,11.8322,1004.0,,0,0,0
1979,KEN,24.6933,984.0,,2,0,0
1979,LOLA,44.7566,950.0,,4,0,0
1979,MAC,29.8378,983.0,20.0633,2,1,0
1979,NANCY,19.5489,993.0,19.5489,1,1,1
1979,OWEN,49.9011,918.0,,4,0,0
1979,PAMELA,19.5489,995.0,,1,0,0
1979,SARAH,49.9011,932.0,,4,0,1
1979,ROGER,19.5489,982.0,,1,0,0
1979,TIP,79.7388,870.0,,5,0,0
1979,UNNAMED,14.9189,1004.0,,0,0,1
1979,VERA,59.6755,915.0,,5,0,0
1979,WAYNE,24.6933,990.0,,2,0,0
1979,ABBY,44.7566,951.0,,4,0,0
1979,UNNAMED,14.9189,1000.0,,0,0,0
1979,BEN,24.6933,996.0,,2,0,0
1980,UNNAMED,14.9189,1000.0,,0,0,0
1980,CARMEN,29.8378,985.0,,2,0,0
1980,DOM,44.7566,956.0,,4,0,0
1980,ELLEN,49.9011,933.0,,4,0,0
1980,FORREST,29.8378,991.0,,2,0,0
1980,GEORGIA,24.6933,985.0,19.5489,2,1,1
1980,HERBERT,24.6933,982.0,24.6933,2,1,0
1980,UNNAMED,14.9189,998.0,,0,0,0
1980,IDA,29.8378,979.0,22.1211,2,1,0
1980,JOE,44.7566,940.0,,4,0,0
1980,UNNAMED,19.5489,998.0,15.9478,1,1,0
1980,KIM,59.6755,908.0,27.2655,5,1,0
1980,LEX,39.6122,962.0,,3,0,0
1980,MARGE,49.9011,944.0,,4,0,0
1980,UNNAMED,29.8378,992.0,17.4911,2,1,0
1980,NORRIS,44.7566,954.0,34.9822,4,1,0
1980,UNNAMED,14.9189,998.0,9.7744,0,1,1
1980,UNNAMED,11.8322,1005.0,,0,0,0
1980,ORCHID,34.9822,960.0,,3,0,0
1980,UNNAMED,14.9189,998.0,,0,0,1
1980,RUTH,29.8378,979.0,29.8378,2,1,1
1980,SPERRY,34.9822,975.0,,3,0,0
1980,PERCY,59.6755,915.0,42.6989,5,1,0
1980,THELMA,29.8378,978.0,,2,0,0
1980,VERNON,49.9011,937.0,,4,0,0
1980,WYNNE,69.9644,890.0,,5,0,0
1980,ALEX,19.5489,999.0,,1,0,0
1980,BETTY,59.6755,925.0,,5,0,0
1980,CARY,24.6933,990.0,,2,0,0
1980,UNNAMED,14.9189,1002.0,,0,0,1
1980,DINAH,49.9011,941.0,,4,0,0
1980,ED,24.6933,989.0,,2,0,0
1981,FREDA,49.9011,944.0,,4,0,0
1981,GERALD,29.8378,982.0,,2,0,0
1981,GERALD,19.5489,993.0,,1,0,0
1981,HOLLY,19.5489,997.0,,1,0,0
1981,IKE,29.8378,967.0,29.8378,2,1,1
1981,JUNE,39.6122,962.0,29.8378,3,1,0
1981,KELLY,44.7566,962.0,,4,0,0
1981,LYNN,29.8378,980.0,29.8378,2,1,0
1981,MAURY,29.8378,987.0,22.6355,2,1,0
1981,UNNAMED,14.9189,1000.0,,0,0,0
1981,NINA,24.6933,994.0,19.5489,2,1,0
1981,OGDEN,29.8378,976.0,,2,0,0
1981,PHYLLIS,29.8378,975.0,,2,0,0
1981,ROY,24.6933,986.0,11.8322,2,1,1
1981,UNNAMED,14.9189,990.0,,0,0,0
1981,SUSAN,29.8378,978.0,,2,0,0
1981,WARREN,24.6933,990.0,22.1211,2,1,1
1981,VANESSA,24.6933,980.0,,2,0,0
1981,THAD,39.6122,956.0,,3,0,0
1981,AGNES,44.7566,949.0,,4,0,0
1981,BILL,39.6122,958.0,,3,0,0
1981,CLARA,59.6755,924.0,29.8378,5,1,0
1981,DOYLE,34.9822,965.0,,3,0,0
1981,UNNAMED,14.9189,1000.0,10.8033,0,1,1
1981,ELSIE,69.9644,893.0,,5,0,0
1981,UNNAMED,11.8322,1004.0,9.7744,0,1,1
1981,FABIAN,19.5489,994.0,,1,0,0
1981,GAY,44.7566,945.0,,4,0,0
1981,UNNAMED,14.9189,1001.0,,0,0,1
1981,HAZEN,44.7566,955.0,19.5489,4,1,0
1981,IRMA,69.9644,905.0,,5,0,0
1981,JEFF,19.5489,998.0,,1,0,0
1981,KIT,59.6755,924.0,,5,0,0
1981,LEE,44.7566,948.0,,4,0,0
1982,MAMIE,29.8378,988.0,,2,0,0
1982,NELSON,49.9011,934.0,,4,0,0
1982,ODESSA,39.6122,964.0,,3,0,0
1982,PAT,49.9011,944.0,,4,0,0
1982,RUBY,34.9822,969.0,,3,0,0
1982,TESS:VAL,24.6933,985.0,,2,0,1
1982,SKIP,24.6933,991.0,,2,0,0
1982,WINONA,24.6933,985.0,19.5489,2,1,0
1982,BESS,64.8199,901.0,,5,0,0
1982,ANDY,54.5311,915.0,39.6122,5,1,0
1982,CECIL,59.6755,917.0,,5,0,0
1982,DOT,34.9822,971.0,27.2655,3,1,0
1982,FAYE,39.6122,960.0,,3,0,0
1982,ELLIS,64.8199,912.0,22.1211,5,1,0
1982,GORDON,44.7566,945.0,,4,0,0
1982,HOPE,29.8378,984.0,,2,0,1
1982,JUDY,44.7566,956.0,,4,0,0
1982,IRVING,39.6122,947.0,34.9822,3,1,0
1982,KEN,54.5311,936.0,,5,0,0
1982,LOLA,19.5489,990.0,,1,0,0
1982,UNNAMED,14.9189,1002.0,,0,0,0
1982,MAC,69.9644,895.0,,5,0,0
1982,NANCY,54.5311,933.0,,5,0,0
1982,OWEN,49.9011,939.0,,4,0,0
1982,UNNAMED,14.9189,1002.0,,0,0,0
1982,UNNAMED,14.9189,1006.0,,0,0,0
1982,PAMELA,49.9011,940.0,,4,0,0
1982,ROGER,29.8378,980.0,,2,0,0
1983,SARAH,19.5489,998.0,,1,0,0
1983,VERA,34.9822,967.0,32.4100,3,1,0
1983,TIP,29.8378,980.0,11.8322,2,1,0
1983,WAYNE,64.8199,912.0,37.5544,5,1,0
1983,ABBY,64.8199,888.0,,5,0,0
1983,CARMEN,19.5489,992.0,,1,0,1
1983,BEN,24.6933,987.0,,2,0,0
1983,DOM,19.5489,995.0,,1,0,0
1983,ELLEN,59.6755,928.0,37.5544,5,1,0
1983,FORREST,74.5944,876.0,,5,0,0
1983,GEORGIA,29.8378,980.0,27.2655,2,1,1
1983,UNNAMED,14.9189,998.0,,0,0,1
1983,HERBERT,24.6933,992.0,,2,0,0
1983,JOE,29.8378,985.0,27.2655,2,1,0
1983,IDA,34.9822,973.0,,3,0,0
1983,KIM,19.5489,995.0,,1,0,0
1983,LEX,29.8378,980.0,,2,0,0
1983,MARGE,69.9644,892.0,,5,0,0
1983,UNNAMED,14.9189,1002.0,,0,0,1
1983,NORRIS,19.5489,994.0,,1,0,0
1983,ORCHID,54.5311,930.0,,5,0,0
1983,PERCY,34.9822,970.0,,3,0,1
1983,RUTH,24.6933,994.0,,2,0,0
1983,SPERRY,24.6933,995.0,,2,0,0
1983,THELMA,24.6933,990.0,,2,0,0
1983,UNNAMED,14.9189,1002.0,,0,0,0
1984,VERNON,19.5489,994.0,,1,0,1
1984,WYNNE,29.8378,970.0,29.8378,2,1,0
1984,ALEX,34.9822,962.0,29.8378,3,1,0
1984,BETTY,29.8378,980.0,27.2655,2,1,0
1984,CARY,44.7566,955.0,,4,0,0
1984,DINAH,59.6755,916.0,,5,0,0
1984,ED,54.5311,947.0,9.2600,5,1,0
1984,FREDA,29.8378,985.0,24.6933,2,1,0
1984,UNNAMED,11.8322,996.0,,0,0,0
1984,UNNAMED,14.9189,1000.0,13.3755,0,1,1
1984,HOLLY,34.9822,963.0,,3,0,0
1984,GERALD,29.8378,975.0,14.9189,2,1,1
1984,UNNAMED,14.9189,990.0,,0,0,0
1984,UNNAMED,11.8322,996.0,8.7455,0,1,0
1984,HOLLY,19.5489,990.0,,1,0,0
1984,JUNE,29.8378,980.0,21.0922,2,1,0
1984,IKE,49.9011,947.0,37.5544,4,1,0
1984,KELLY,34.9822,964.0,,3,0,0
1984,LYNN,14.9189,1000.0,,0,0,1
1984,NINA,24.6933,987.0,,2,0,0
1984,MAURY,24.6933,990.0,,2,0,0
1984,OGDEN,34.9822,982.0,,3,0,0
1984,PHYLLIS,34.9822,974.0,,3,0,0
1984,ROY,19.5489,996.0,,1,0,0
1984,SUSAN,19.5489,996.0,,1,0,1
1984,THAD,54.5311,925.0,,5,0,0
1984,WARREN,29.8378,976.0,,2,0,0
1984,VANESSA,64.8199,879.0,,5,0,0
1984,UNNAMED,14.9189,1000.0,,0,0,0
1984,AGNES,49.9011,925.0,,4,0,0
1984,BILL,59.6755,910.0,,5,0,0
1984,CLARA,49.9011,940.0,,4,0,0
1984,DOYLE,49.9011,935.0,,4,0,0
1985,FABIAN,29.8378,985.0,,2,0,0
1985,ELSIE,19.5489,998.0,,1,0,0
1985,UNNAMED,19.5489,995.0,,1,0,0
1985,GAY,44.7566,950.0,,4,0,0
1985,HAL,39.6122,958.0,24.6933,3,1,0
1985,UNNAMED,19.5489,990.0,9.7744,1,1,1
1985,IRMA,39.6122,957.0,,3,0,0
1985,UNNAMED,11.8322,1000.0,,0,0,0
1985,UNNAMED,11.8322,994.0,,0,0,1
1985,UNNAMED,14.9189,997.0,10.8033,0,1,0
1985,JEFF,39.6122,965.0,29.8378,3,1,0
1985,KIT,39.6122,959.0,,3,0,0
1985,LEE,29.8378,980.0,22.1211,2,1,0
1985,UNNAMED,14.9189,994.0,9.7744,0,1,1
1985,MAMIE,34.9822,980.0,27.2655,3,1,0
1985,NELSON,49.9011,955.0,37.5544,4,1,0
1985,ODESSA,39.6122,957.0,,3,0,0
1985,UNNAMED,24.6933,980.0,22.1211,2,1,0
1985,PAT,44.7566,961.0,,4,0,0
1985,RUBY,29.8378,985.0,,2,0,0
1985,TESS,39.6122,965.0,29.8378,3,1,0
1985,SKIP,34.9822,970.0,,3,0,0
1985,UNNAMED,14.9189,999.0,14.9189,0,1,0
1985,VAL,24.6933,990.0,,2,0,0
1985,WINONA,24.6933,980.0,24.6933,2,1,1
1985,BRENDAN,39.6122,960.0,,3,0,0
1985,ANDY,34.9822,975.0,29.8378,3,1,0
1985,CECIL,44.7566,960.0,,4,0,0
1985,UNNAMED,14.9189,1000.0,,0,0,1
1985,DOT,69.9644,893.0,,5,0,0
1985,ELLIS,24.6933,990.0,,2,0,0
1985,FAYE,39.6122,963.0,,3,0,0
1985,GORDON,19.5489,995.0,,1,0,1
1985,HOPE,49.9011,948.0,,4,0,0
1985,IRVING,19.5489,994.0,,1,0,1
1986,JUDY,34.9822,970.0,,3,0,0
1986,UNNAMED,14.9189,1002.0,,0,0,0
1986,KEN,29.8378,980.0,,2,0,0
1986,LOLA,59.6755,910.0,,5,0,0
1986,MAC,24.6933,995.0,9.7744,2,1,1
1986,NANCY,39.6122,955.0,32.4100,3,1,0
1986,OWEN,24.6933,987.0,,2,0,0
1986,UNNAMED,14.9189,996.0,9.7744,0,1,1
1986,PEGGY,64.8199,900.0,27.2655,5,1,0
1986,ROGER,44.7566,955.0,,4,0,0
1986,UNNAMED,19.5489,996.0,19.5489,1,1,1
1986,UNNAMED,11.8322,1006.0,,0,0,0
1986,SARAH,29.8378,980.0,,2,0,0
1986,GEORGETTE,29.8378,970.0,,2,0,0
1986,UNNAMED,19.5489,992.0,11.8322,1,1,1
1986,TIP,39.6122,967.0,,3,0,0
1986,VERA,59.6755,923.0,,5,0,0
1986,WAYNE,44.7566,950.0,34.9822,4,1,1
1986,UNNAMED,19.5489,992.0,,1,0,0
1986,ABBY,49.9011,942.0,44.7566,4,1,0
1986,BEN,54.5311,917.0,,5,0,0
1986,CARMEN,49.9011,939.0,,4,0,0
1986,DOM,24.6933,993.0,,2,0,0
1986,ELLEN,39.6122,960.0,19.5489,3,1,0
1986,FORREST,49.9011,931.0,,4,0,0
1986,GEORGIA,19.5489,989.0,,1,0,0
1986,HERBERT,29.8378,985.0,,2,0,0
1986,IDA,29.8378,986.0,,2,0,0
1986,JOE,44.7566,936.0,,4,0,0
1986,KIM,59.6755,904.0,,5,0,0
1986,LEX,19.5489,990.0,,1,0,0
1986,UNNAMED,14.9189,1002.0,,0,0,1
1986,MARGE,44.7566,947.0,,4,0,0
1986,NORRIS,44.7566,954.0,,4,0,0
1987,ORCHID,44.7566,955.0,,4,0,0
1987,PERCY,19.5489,998.0,,1,0,0
1987,RUTH,34.9822,982.0,34.9822,3,1,1
1987,UNNAMED,14.9189,1002.0,,0,0,0
1987,SPERRY,34.9822,975.0,,3,0,0
1987,THELMA,59.6755,911.0,11.8322,5,1,0
1987,VERNON,29.8378,980.0,,2,0,0
1987,WYNNE,64.8199,920.0,,5,0,0
1987,ALEX,34.9822,970.0,34.9822,3,1,0
1987,BETTY,69.9644,891.0,,5,0,0
1987,CARY,39.6122,965.0,,3,0,0
1987,UNNAMED,19.5489,1000.0,,1,0,0
1987,UNNAMED,14.9189,1004.0,,0,0,0
1987,DINAH,59.6755,920.0,,5,0,0
1987,HOLLY,64.8199,900.0,,5,0,0
1987,GERALD,44.7566,955.0,29.8378,4,1,0
1987,UNNAMED,14.9189,1000.0,,0,0,1
1987,FREDA,64.8199,915.0,,5,0,0
1987,PEKE,44.7566,950.0,,4,0,0
1987,IAN,39.6122,960.0,,3,0,0
1987,JUNE,19.5489,995.0,,1,0,0
1987,KELLY,39.6122,964.0,,3,0,0
1987,LYNN,69.9644,910.0,9.7744,5,1,0
1987,MAURY,24.6933,998.0,,2,0,0
1987,NINA,49.9011,945.0,,4,0,0
1987,OGDEN,19.5489,1000.0,,1,0,0
1987,PHYLLIS,39.6122,955.0,,3,0,0
1988,ROY,49.9011,940.0,,4,0,0
1988,SUSAN,39.6122,975.0,,3,0,1
1988,UNNAMED,14.9189,998.0,,0,0,0
1988,THAD,34.9822,965.0,,3,0,0
1988,VANESSA,24.6933,990.0,14.9189,2,1,0
1988,UNNAMED,14.9189,1000.0,,0,0,0
1988,WARREN,54.5311,945.0,32.4100,5,1,0
1988,AGNES,24.6933,980.0,,2,0,0
1988,UNNAMED,14.9189,1000.0,,0,0,0
1988,UNNAMED,14.9189,1001.0,11.8322,0,1,1
1988,BILL,34.9822,970.0,34.9822,3,1,0
1988,CLARA,19.5489,995.0,,1,0,0
1988,UNNAMED,14.9189,998.0,,0,0,0
1988,DOYLE,49.9011,945.0,,4,0,0
1988,UNNAMED,14.9189,1000.0,,0,0,0
1988,ELSIE,24.6933,992.0,,2,0,0
1988,FABIAN,34.9822,975.0,,3,0,0
1988,ULEKI,44.7566,945.0,,4,0,0
1988,GAY,19.5489,990.0,,1,0,0
1988,HAL,44.7566,950.0,,4,0,0
1988,JEFF,19.5489,990.0,,1,0,0
1988,IRMA,24.6933,985.0,,2,0,0
1988,LEE,29.8378,980.0,,2,0,0
1988,KIT,34.9822,970.0,24.6933,3,1,0
1988,MAMIE,24.6933,990.0,15.9478,2,1,1
1988,UNNAMED,14.9189,995.0,14.9189,0,1,0
1988,NELSON,59.6755,920.0,,5,0,0
1988,UNNAMED,19.5489,994.0,,1,0,1
1988,ODESSA,34.9822,970.0,,3,0,0
1988,UNNAMED,14.9189,1002.0,,0,0,1
1988,PAT,34.9822,980.0,32.4100,3,1,0
1988,RUBY,44.7566,960.0,24.6933,4,1,0
1988,TESS,34.9822,975.0,,3,0,0
1988,SKIP,44.7566,955.0,,4,0,0
1988,VAL,24.6933,990.0,,2,0,0
1989,WINONA,19.5489,995.0,,1,0,0
1989,UNNAMED,14.9189,1002.0,,0,0,0
1989,ANDY,54.5311,930.0,,5,0,0
1989,BRENDA,34.9822,970.0,24.6933,3,1,0
1989,CECIL,29.8378,980.0,,2,0,1
1989,DOT,39.6122,960.0,37.5544,3,1,0
1989,ELLIS,19.5489,992.0,,1,0,0
1989,UNNAMED,14.9189,1002.0,,0,0,1
1989,FAYE,29.8378,980.0,22.1211,2,1,0
1989,GORDON,59.6755,920.0,34.9822,5,1,0
1989,HOPE,39.6122,975.0,32.4100,3,1,0
1989,IRVING,29.8378,980.0,,2,0,0
1989,JUDY,49.9011,945.0,,4,0,0
1989,UNNAMED,19.5489,993.0,,1,0,0
1989,KEN:LOLA,29.8378,980.0,24.6933,2,1,0
1989,MAC,39.6122,955.0,,3,0,0
1989,OWEN,39.6122,960.0,,3,0,0
1989,NANCY,34.9822,965.0,,3,0,0
1989,UNNAMED,14.9189,1000.0,9.7744,0,1,1
1989,PEGGY,19.5489,995.0,,1,0,0
1989,UNNAMED,24.6933,995.0,9.7744,2,1,0
1989,UNNAMED,11.8322,1002.0,,0,0,0
1989,UNNAMED,14.9189,1005.0,,0,0,0
1989,UNNAMED,14.9189,1000.0,,0,0,0
1989,ROGER,24.6933,975.0,,2,0,0
1989,SARAH,54.5311,945.0,34.9822,5,1,0
1989,TIP,24.6933,985.0,,2,0,0
1989,VERA,29.8378,980.0,24.6933,2,1,0
1989,WAYNE,34.9822,970.0,,3,0,0
1989,ANGELA,49.9011,935.0,,4,0,0
1989,COLLEEN,39.6122,960.0,,3,0,0
1989,BRIAN,39.6122,965.0,,3,0,1
1989,DAN,39.6122,960.0,,3,0,0
1989,ELSIE,54.5311,930.0,,5,0,0
1989,FORREST,44.7566,950.0,,4,0,0
1989,HUNT,39.6122,960.0,,3,0,0
1989,IRMA,59.6755,925.0,,5,0,0
1989,UNNAMED,14.9189,1002.0,,0,0,0
1989,UNNAMED,14.9189,1002.0,,0,0,0
1989,JACK,54.5311,925.0,,5,0,0
1990,KORYN,34.9822,970.0,,3,0,0
1990,LEWIS,19.5489,995.0,,1,0,0
1990,MARIAN,39.6122,965.0,17.4911,3,1,0
1990,UNNAMED,14.9189,1000.0,,0,0,0
1990,UNNAMED,14.9189,1000.0,10.8033,0,1,1
1990,NATHAN,29.8378,980.0,24.6933,2,1,0
1990,UNNAMED,14.9189,997.0,,0,0,1
1990,OFELIA,39.6122,965.0,37.5544,3,1,0
1990,PERCY,44.7566,950.0,34.9822,4,1,0
1990,ROBYN,24.6933,985.0,,2,0,0
1990,TASHA,34.9822,970.0,29.8378,3,1,0
1990,UNNAMED,14.9189,1000.0,,0,0,1
1990,STEVE,44.7566,955.0,,4,0,0
1990,UNNAMED,14.9189,1000.0,,0,0,0
1990,VERNON,39.6122,955.0,,3,0,0
1990,WINONA,29.8378,975.0,,2,0,0
1990,AKA,19.5489,992.0,,1,0,0
1990,YANCY,39.6122,955.0,39.6122,3,1,0
1990,ZOLA,39.6122,960.0,,3,0,0
1990,BECKY,34.9822,965.0,,3,0,0
1990,ABE,44.7566,955.0,34.9822,4,1,0
1990,DOT,39.6122,960.0,37.5544,3,1,0
1990,CECIL,29.8378,990.0,19.5489,2,1,0
1990,ED,34.9822,970.0,,3,0,0
1990,FLO,54.5311,930.0,,5,0,0
1990,DOT,11.8322,1000.0,11.8322,0,1,0
1990,GENE,39.6122,960.0,,3,0,0
1990,HATTIE,39.6122,955.0,,3,0,0
1990,IRA,19.5489,995.0,,1,0,1
1990,JEANA,14.9189,1000.0,,0,0,0
1990,KYLE,44.7566,960.0,,4,0,0
1990,LOLA,19.5489,995.0,,1,0,1
1990,PAGE,64.8199,910.0,,5,0,0
1990,MIKE,74.5944,910.0,,5,0,0
1990,NELL,24.6933,985.0,,2,0,1
1990,OWEN,54.5311,930.0,,5,0,0
1990,RUSS,59.6755,920.0,,5,0,0
1991,SHARON,29.8378,980.0,,2,0,0
1991,TIM,34.9822,970.0,,3,0,0
1991,VANESSA,24.6933,990.0,14.9189,2,1,0
1991,WALT,59.6755,920.0,,5,0,0
1991,YUNYA,39.6122,955.0,,3,0,0
1991,UNNAMED,14.9189,1002.0,,0,0,0
1991,ZEKE,44.7566,960.0,42.1844,4,1,0
1991,AMY,54.5311,930.0,37.5544,5,1,0
1991,BRENDAN,34.9822,975.0,24.6933,3,1,0
1991,CAITLIN,39.6122,950.0,,3,0,0
1991,BRENDAN,14.9189,996.0,,0,0,1
1991,DOUG,14.9189,1000.0,,0,0,0
1991,FRED,44.7566,960.0,37.5544,4,1,0
1991,ELLIE,34.9822,970.0,,3,0,0
1991,GLADYS,29.8378,975.0,,2,0,0
1991,UNNAMED,19.5489,995.0,,1,0,0
1991,HARRY,19.5489,990.0,,1,0,0
1991,IVY,49.9011,940.0,,4,0,0
1991,JOEL,29.8378,980.0,27.2655,2,1,0
1991,KINNA,39.6122,955.0,,3,0,0
1991,MIREILLE,54.5311,930.0,,5,0,0
1991,LUKE,29.8378,980.0,,2,0,0
1991,NAT,49.9011,940.0,44.7566,4,1,0
1991,PAT,49.9011,930.0,,4,0,0
1991,ORCHID,49.9011,930.0,,4,0,0
1991,RUTH,59.6755,910.0,,5,0,0
1991,SETH,49.9011,930.0,,4,0,0
1991,THELMA,19.5489,988.0,,1,0,0
1991,VERNE,29.8378,980.0,,2,0,0
1991,WILDA,24.6933,990.0,,2,0,0
1991,YURI,54.5311,910.0,,5,0,0
1991,ZELDA,29.8378,975.0,,2,0,0
1992,AXEL,29.8378,980.0,,2,0,0
1992,EKEKA,19.5489,990.0,,1,0,0
1992,BOBBIE,44.7566,950.0,,4,0,0
1992,CHUCK,34.9822,960.0,34.9822,3,1,0
1992,DEANNA,14.9189,1000.0,,0,0,0
1992,ELI,34.9822,970.0,32.4100,3,1,0
1992,FAYE,24.6933,988.0,14.9189,2,1,0
1992,GARY,34.9822,975.0,24.6933,3,1,0
1992,HELEN,19.5489,995.0,,1,0,0
1992,JANIS,49.9011,940.0,,4,0,0
1992,IRVING,29.8378,980.0,,2,0,0
1992,KENT,54.5311,930.0,,5,0,0
1992,LOIS,19.5489,995.0,,1,0,0
1992,MARK,24.6933,985.0,19.5489,2,1,1
1992,NINA,19.5489,995.0,,1,0,0
1992,OMAR,54.5311,925.0,29.8378,5,1,0
1992,POLLY,34.9822,975.0,29.8378,3,1,0
1992,RYAN,49.9011,945.0,,4,0,0
1992,POLLY,11.8322,995.0,,0,0,0
1992,SIBYL,49.9011,940.0,,4,0,0
1992,TED,34.9822,975.0,34.9822,3,1,0
1992,UNNAMED,14.9189,1001.0,14.9189,0,1,1
1992,VAL,24.6933,980.0,,2,0,0
1992,WARD,44.7566,945.0,,4,0,0
1992,YVETTE,54.5311,920.0,,5,0,0
1992,ZACK,19.5489,992.0,,1,0,0
1992,ANGELA,39.6122,960.0,,3,0,1
1992,COLLEEN,34.9822,970.0,,3,0,0
1992,BRIAN,39.6122,955.0,,3,0,0
1992,DAN,49.9011,940.0,,4,0,0
1992,ELSIE,54.5311,930.0,,5,0,0
1992,FORREST,19.5489,995.0,,1,0,0
1992,GAY,59.6755,920.0,,5,0,0
1992,HUNT,49.9011,940.0,,4,0,0
1993,IRMA,24.6933,990.0,,2,0,0
1993,UNNAMED,14.9189,1005.0,,0,0,0
1993,KORYN,59.6755,920.0,29.8378,5,1,0
1993,UNNAMED,14.9189,1004.0,,0,0,0
1993,LEWIS,29.8378,975.0,29.8378,2,1,0
1993,MARIAN,14.9189,1000.0,,0,0,0
1993,NATHAN,29.8378,980.0,,2,0,0
1993,OFELIA,24.6933,990.0,,2,0,0
1993,PERCY,29.8378,980.0,,2,0,0
1993,ROBYN,44.7566,955.0,,4,0,0
1993,STEVE,29.8378,980.0,,2,0,0
1993,KEONI,44.7566,950.0,,4,0,0
1993,TASHA,34.9822,970.0,34.9822,3,1,0
1993,VERNON,34.9822,970.0,,3,0,0
1993,WINONA,19.5489,990.0,,1,0,0
1993,YANCY,54.5311,935.0,,5,0,0
1993,ZOLA,24.6933,985.0,,2,0,0
1993,ABE,49.9011,945.0,29.8378,4,1,1
1993,BECKY,34.9822,975.0,29.8378,3,1,0
1993,DOT,39.6122,965.0,27.2655,3,1,0
1993,CECIL,44.7566,950.0,,4,0,0
1993,ED,54.5311,930.0,,5,0,0
1993,FLO,34.9822,970.0,,3,0,0
1993,GENE,19.5489,998.0,,1,0,0
1993,UNNAMED,14.9189,1006.0,11.8322,0,1,1
1993,HATTIE,24.6933,980.0,,2,0,0
1993,IRA,44.7566,950.0,22.1211,4,1,0
1993,JEANA,24.6933,990.0,,2,0,0
1993,KYLE,39.6122,955.0,,3,0,0
1993,LOLA,39.6122,960.0,,3,0,0
1993,MANNY,39.6122,965.0,,3,0,0
1993,NELL,34.9822,975.0,,3,0,0
1994,OWEN,29.8378,980.0,,2,0,0
1994,PAGE,34.9822,965.0,,3,0,0
1994,RUSS,29.8378,980.0,22.1211,2,1,1
1994,SHARON,19.5489,990.0,19.5489,1,1,0
1994,UNNAMED,19.5489,990.0,19.5489,1,1,0
1994,TIM,54.5311,935.0,40.1266,5,1,0
1994,VANESSA,19.5489,990.0,,1,0,1
1994,ZEKE,24.6933,985.0,,2,0,0
1994,WALT,54.5311,930.0,,5,0,0
1994,YUNYA,19.5489,995.0,,1,0,1
1994,UNNAMED,14.9189,998.0,14.9189,0,1,1
1994,UNNAMED,14.9189,996.0,,0,0,0
1994,BRENDAN,19.5489,990.0,,1,0,0
1994,AMY,19.5489,985.0,,1,0,1
1994,CAITLIN,24.6933,985.0,24.6933,2,1,0
1994,DOUG,49.9011,935.0,14.9189,4,1,0
1994,LI,19.5489,995.0,,1,0,0
1994,ELLIE,39.6122,960.0,24.6933,3,1,0
1994,JOHN,49.9011,945.0,,4,0,0
1994,FRED,54.5311,935.0,40.1266,5,1,0
1994,GLADYS,44.7566,950.0,42.1844,4,1,0
1994,HARRY,34.9822,975.0,,3,0,0
1994,IVY,39.6122,960.0,,3,0,0
1994,JOEL,24.6933,980.0,,2,0,1
1994,KINNA,39.6122,960.0,,3,0,0
1994,LUKE,24.6933,985.0,24.6933,2,1,0
1994,MELISSA,59.6755,920.0,,5,0,0
1994,NAT,19.5489,992.0,,1,0,0
1994,ORCHID,54.5311,930.0,,5,0,0
1994,PAT,39.6122,965.0,,3,0,0
1994,PAT:RUTH,19.5489,995.0,,1,0,0
1994,PAT,11.8322,1002.0,,0,0,0
1994,SETH,54.5311,925.0,,5,0,0
1994,VERNE,44.7566,950.0,,4,0,0
1994,TERESA,39.6122,960.0,,3,0,0
1994,WILDA,44.7566,950.0,,4,0,0
1994,YURI,19.5489,996.0,,1,0,0
1994,ZELDA,59.6755,920.0,,5,0,0
1994,AXEL,49.9011,945.0,,4,0,0
1994,BOBBIE,24.6933,985.0,,2,0,0
1995,CHUCK,17.4911,998.0,,1,0,0
1995,DEANNA,22.6355,990.0,14.9189,1,1,0
1995,FAYE,39.6122,960.0,,3,0,0
1995,GARY,29.8378,980.0,29.8378,2,1,0
1995,HELEN,29.8378,980.0,26.2366,2,1,0
1995,IRVING,19.5489,992.0,19.5489,1,1,0
1995,JANIS,29.8378,980.0,19.5489,2,1,0
1995,LOIS,29.8378,980.0,29.8378,2,1,1
1995,KENT,49.9011,945.0,39.6122,4,1,0
1995,MARK,34.9822,970.0,,3,0,0
1995,NINA,19.5489,995.0,16.4622,1,1,0
1995,OSCAR,59.6755,925.0,,5,0,0
1995,POLLY,39.6122,960.0,,3,0,0
1995,RYAN,44.7566,950.0,,4,0,1
1995,SIBYL,32.9244,975.0,29.8378,3,1,0
1995,TED,24.6933,985.0,21.0922,2,1,0
1995,VAL,19.5489,995.0,,1,0,0
1995,WARD,49.9011,940.0,,4,0,0
1995,YVETTE,24.6933,985.0,,2,0,0
1995,ANGELA,59.6755,925.0,,5,0,0
1995,ZACK,44.7566,955.0,,4,0,0
1995,BRIAN,19.5489,998.0,,1,0,0
1995,UNNAMED,14.9189,1000.0,,0,0,1
1995,DAN,29.8378,980.0,,2,0,0
1996,UNNAMED,14.9189,998.0,,0,0,0
1996,ANN,17.4911,998.0,,1,0,0
1996,BART,49.9011,940.0,,4,0,0
1996,CAM,24.6933,990.0,,2,0,1
1996,DAN,32.9244,975.0,,3,0,0
1996,EVE,44.7566,955.0,,4,0,0
1996,GLORIA,39.6122,965.0,32.9244,3,1,0
1996,FRANKIE,27.7800,970.0,27.7800,2,1,1
1996,HERB,54.5311,935.0,42.1844,5,1,0
1996,JOY,24.6933,985.0,,2,0,0
1996,KIRK,39.6122,960.0,,3,0,0
1996,LISA,24.6933,990.0,17.4911,2,1,1
1996,MARTY,14.9189,995.0,9.7744,0,1,1
1996,NIKI,34.9822,970.0,32.4100,3,1,0
1996,ORSON,39.6122,960.0,,3,0,0
1996,PIPER,19.5489,995.0,,1,0,0
1996,SALLY,49.9011,935.0,40.1266,4,1,0
1996,UNNAMED,14.9189,995.0,,0,0,0
1996,TOM,34.9822,970.0,,3,0,0
1996,VIOLET,49.9011,940.0,,4,0,0
1996,WILLIE,32.9244,975.0,,3,0,1
1996,YATES,39.6122,960.0,,3,0,0
1996,ZANE,39.6122,960.0,,3,0,0
1996,ABEL:BETH,32.9244,975.0,,3,0,0
1996,BETH,14.9189,1000.0,,0,0,0
1996,CARLO,34.9822,970.0,,3,0,0
1996,ERNIE,14.9189,998.0,,0,0,0
1996,UNNAMED,14.9189,997.0,,0,0,1
1996,DALE,54.5311,930.0,,5,0,0
1996,ERNIE,19.5489,992.0,,1,0,0
1996,FERN,29.8378,980.0,,2,0,0
1997,HANNAH,14.9189,1000.0,,0,0,0
1997,ISA,49.9011,945.0,,4,0,0
1997,JIMMY,14.9189,995.0,,0,0,0
1997,KELLY,14.9189,998.0,,0,0,0
1997,LEVI,19.5489,995.0,,1,0,1
1997,MARIE,32.9244,975.0,,3,0,0
1997,NESTOR,49.9011,940.0,,4,0,0
1997,OPAL,39.6122,960.0,,3,0,0
1997,PETER,32.9244,970.0,,3,0,0
1997,ROSIE,54.5311,935.0,,5,0,0
1997,SCOTT,22.6355,990.0,,1,0,0
1997,TINA,44.7566,955.0,,4,0,0
1997,VICTOR,29.8378,968.0,27.2655,2,1,1
1997,WINNIE,59.6755,920.0,37.5544,5,1,0
1997,YULE,29.8378,980.0,,2,0,0
1997,AMBER,49.9011,940.0,37.5544,4,1,0
1997,ZITA,29.8378,975.0,29.8378,2,1,1
1997,BING,44.7566,955.0,,4,0,0
1997,CASS,19.5489,992.0,9.7744,1,1,1
1997,OLIWA,59.6755,920.0,,5,0,0
1997,DAVID,44.7566,950.0,,4,0,0
1997,FRITZ,27.7800,980.0,,2,0,1
1997,GINGER,54.5311,930.0,,5,0,0
1997,IVAN,54.5311,930.0,,5,0,0
1997,JOAN,54.5311,930.0,,5,0,0
1997,LINDA,24.6933,990.0,,2,0,0
1997,KEITH,59.6755,925.0,,5,0,0
1997,MORT,22.6355,992.0,,1,0,0
1997,PAKA,54.5311,930.0,,5,0,0
1998,UNNAMED,14.9189,1000.0,14.9189,0,1,0
1998,NICHOLE,17.4911,998.0,,1,1,1
1998,OTTO,29.8378,980.0,29.8378,2,1,0
1998,PENNY,24.6933,985.0,24.6933,2,1,0
1998,UNNAMED,14.9189,1002.0,11.8322,0,1,1
1998,REX,44.7566,955.0,,4,0,0
1998,UNNAMED,14.9189,1000.0,,0,0,0
1998,STELLA,29.8378,975.0,,2,0,0
1998,UNNAMED,14.9189,997.0,14.9189,0,1,1
1998,TODD,39.6122,960.0,19.5489,3,1,0
1998,VICKI,39.6122,965.0,,3,0,1
1998,WALDO,14.9189,998.0,,0,0,0
1998,YANNI,34.9822,970.0,,3,0,0
1998,UNNAMED,14.9189,995.0,,0,0,1
1998,ZEB,64.8199,905.0,,5,0,0
1998,BABS,49.9011,940.0,,4,0,0
1998,CHIP,19.5489,998.0,,1,0,1
1998,DAWN,17.4911,998.0,,1,0,1
1998,ELVIS,19.5489,995.0,,1,0,0
1998,FAITH,29.8378,980.0,,2,0,0
1998,GIL,14.9189,1000.0,,0,0,1
1999,IRIS,14.9189,1002.0,,0,0,0
1999,KATE,29.8378,980.0,,2,0,0
1999,LEO,34.9822,970.0,11.8322,3,1,1
1999,MAGGIE,39.6122,960.0,31.3811,3,1,0
1999,UNNAMED,14.9189,995.0,,0,0,1
1999,UNNAMED,14.9189,996.0,,0,0,0
1999,UNNAMED,14.9189,998.0,,0,0,0
1999,NEIL,24.6933,985.0,,2,0,0
1999,UNNAMED,22.6355,985.0,17.4911,1,1,1
1999,OLGA,34.9822,970.0,14.9189,3,1,0
1999,PAUL,27.7800,985.0,,2,0,0
1999,DORA,22.6355,998.0,,1,0,0
1999,RACHEL,14.9189,993.0,14.9189,0,1,1
1999,SAM,32.9244,975.0,24.6933,3,1,0
1999,TANYA,24.6933,998.0,,2,0,0
1999,VIRGIL,24.6933,995.0,,2,0,0
1999,WENDY,19.5489,990.0,14.9189,1,1,0
1999,YORK,29.8378,975.0,27.2655,2,1,0
1999,ZIA,19.5489,990.0,,1,0,0
1999,ANN,24.6933,985.0,,2,0,0
1999,BART,49.9011,935.0,,4,0,0
1999,CAM,24.6933,985.0,,2,1,1
1999,DAN,39.6122,965.0,29.8378,3,1,0
1999,EVE,22.6355,990.0,,1,0,0
1999,FRANKIE,14.9189,995.0,,0,0,0
1999,GLORIA,27.7800,985.0,,2,0,0
1999,UNNAMED,14.9189,1000.0,,0,0,1
1999,UNNAMED,17.4911,998.0,,1,0,1
2000,DAMREY,49.9011,935.0,,4,0,0
2000,LONGWANG,22.6355,990.0,,1,0,1
2000,UNNAMED,14.9189,1002.0,,0,0,1
2000,UNNAMED,14.9189,1001.0,,0,0,1
2000,UNNAMED,14.9189,1002.0,,0,0,1
2000,KIROGI,44.7566,950.0,,4,0,0
2000,KAI-TAK,34.9822,965.0,29.8378,3,1,1
2000,UNNAMED,14.9189,995.0,14.9189,0,1,0
2000,TEMBIN,22.6355,990.0,,1,0,0
2000,BOLAVEN,27.7800,980.0,,2,0,0
2000,CHANCHU,17.4911,995.0,,1,0,0
2000,JELAWAT,44.7566,950.0,29.8378,4,1,0
2000,EWINIAR,34.9822,970.0,,3,0,0
2000,BILIS,54.5311,930.0,52.4733,5,1,0
2000,KAEMI,22.6355,990.0,,1,0,1
2000,PRAPIROON,34.9822,965.0,,3,0,0
2000,MARIA,27.7800,980.0,26.2366,2,1,1
2000,SAOMAI,59.6755,920.0,,5,0,0
2000,WUKONG,39.6122,960.0,,3,0,1
2000,BOPHA,22.6355,990.0,,1,0,0
2000,SONAMU,32.9244,975.0,,3,0,0
2000,SHANSHAN,54.5311,930.0,,5,0,0
2000,UNNAMED,19.5489,997.0,,1,0,1
2000,YAGI,32.9244,975.0,,3,0,0
2000,XANGSANE,39.6122,965.0,,3,0,0
2000,BEBINCA,32.9244,975.0,,3,0,0
2000,RUMBIA,19.5489,990.0,,1,0,0
2000,RUMBIA,22.6355,990.0,,1,0,0
2000,SOULIK,39.6122,965.0,,3,0,0
2001,CIMARON,24.6933,985.0,,2,0,0
2001,CHEBI,39.6122,960.0,29.8378,3,1,0
2001,DURIAN,34.9822,970.0,33.9533,3,1,1
2001,UTOR,34.9822,965.0,29.8378,3,1,0
2001,TRAMI,19.5489,995.0,17.4911,1,1,0
2001,KONG-REY,34.9822,970.0,,3,0,0
2001,YUTU,32.9244,975.0,28.8089,3,1,0
2001,TORAJI,39.6122,965.0,34.9822,3,1,0
2001,MAN-YI,44.7566,950.0,,4,0,0
2001,UNNAMED,14.9189,1000.0,14.9189,0,1,0
2001,USAGI,19.5489,994.0,,1,0,1
2001,PABUK,39.6122,960.0,,3,0,0
2001,UNNAMED,14.9189,998.0,,0,0,1
2001,WUTIP,44.7566,950.0,,4,0,0
2001,SEPAT,19.5489,995.0,,1,0,0
2001,FITOW,19.5489,985.0,16.4622,1,1,1
2001,DANAS,44.7566,950.0,,4,0,0
2001,NARI,39.6122,960.0,29.8378,3,1,0
2001,VIPA,34.9822,970.0,,3,0,0
2001,FRANCISCO,39.6122,960.0,,3,0,0
2001,LEKIMA,34.9822,970.0,32.9244,3,1,0
2001,KROSA,44.7566,950.0,,4,0,0
2001,HAIYAN,39.6122,965.0,,3,0,0
2001,PODUL,59.6755,925.0,,5,0,0
2001,LINGLING,49.9011,940.0,,4,0,0
2001,UNNAMED,14.9189,998.0,,0,0,0
2001,UNNAMED,14.9189,1004.0,,0,0,1
2001,KAJIKI,19.5489,996.0,,1,0,0
2001,FAXAI,59.6755,920.0,,5,0,0
2002,TAPAH,19.5489,995.0,,1,0,0
2002,MITAG,49.9011,945.0,,4,0,0
2002,UNNAMED,14.9189,1004.0,,0,0,0
2002,HAGIBIS,44.7566,950.0,,4,0,0
2002,UNNAMED,14.9189,1002.0,,0,0,1
2002,NOGURI,44.7566,955.0,,4,0,1
2002,CHATAAN,49.9011,940.0,,4,0,0
2002,RAMMASUN,44.7566,950.0,,4,0,0
2002,HALONG,44.7566,950.0,,4,0,0
2002,NAKRI,19.5489,988.0,19.5489,1,1,1
2002,FENGSHEN,54.5311,925.0,14.9189,5,1,0
2002,KALMAEGI,17.4911,1000.0,,1,0,0
2002,UNNAMED,14.9189,1000.0,,0,0,0
2002,FUNG-WONG,34.9822,970.0,,3,0,0
2002,KAMMURI,27.7800,980.0,24.6933,2,1,1
2002,PHANFONE,44.7566,950.0,,4,0,0
2002,VONGFONG,29.8378,980.0,29.8378,2,1,1
2002,RUSA,44.7566,950.0,,4,0,0
2002,ELE,44.7566,950.0,,4,0,0
2002,SINLAKU,44.7566,950.0,29.8378,4,1,0
2002,HAGUPIT,24.6933,985.0,22.1211,2,1,0
2002,CHANGMI,19.5489,987.0,,1,0,0
2002,MEKKHALA,22.6355,992.0,14.9189,1,1,1
2002,HIGOS,49.9011,945.0,,4,0,0
2002,BAVI,29.8378,980.0,,2,0,0
2002,HUKO,34.9822,970.0,,3,0,0
2002,MAYSAK,32.9244,980.0,,3,0,0
2002,HAISHEN,34.9822,965.0,,3,0,0
2002,PONGSONA,49.9011,945.0,,4,0,0
2003,YANYAN,17.4911,995.0,,1,0,0
2003,KUJIRA,54.5311,935.0,,5,0,0
2003,UNNAMED,14.9189,1002.0,,0,0,0
2003,CHAN-HOM,39.6122,965.0,,3,0,0
2003,LINFA,24.6933,985.0,,2,0,1
2003,NANGKA,24.6933,990.0,,2,0,1
2003,SOUDELOR,44.7566,955.0,,4,0,0
2003,IMBUDO,49.9011,945.0,37.5544,4,1,0
2003,KONI,29.8378,980.0,19.5489,2,1,0
2003,ETAU,44.7566,950.0,,4,0,0
2003,MORAKOT,24.6933,988.0,24.6933,2,1,0
2003,KROVANH,39.6122,960.0,34.9822,3,1,0
2003,VAMCO,22.6355,990.0,20.0633,1,1,0
2003,UNNAMED,14.9189,998.0,,0,0,1
2003,DUJUAN,44.7566,950.0,24.6933,4,1,0
2003,MAEMI,59.6755,920.0,,5,0,0
2003,CHOI-WAN,39.6122,965.0,,3,0,0
2003,KOPPU,34.9822,965.0,,3,0,0
2003,UNNAMED,14.9189,1004.0,,0,0,1
2003,KETSANA,44.7566,950.0,,4,0,0
2003,PARMA,49.9011,945.0,,4,0,0
2003,MELOR,27.7800,980.0,,2,0,0
2003,NEPARTAK,32.9244,975.0,,3,0,0
2003,LUPIT,59.6755,920.0,,5,0,0
2003,UNNAMED,14.9189,1002.0,,0,0,0
2004,UNNAMED,14.9189,1000.0,,0,0,0
2004,UNNAMED,14.9189,998.0,,0,0,0
2004,SUDAL,49.9011,940.0,,4,0,0
2004,NIDA,49.9011,940.0,,4,0,0
2004,UNNAMED,14.9189,1004.0,,0,0,1
2004,OMAIS,24.6933,990.0,,2,0,0
2004,CONSON,39.6122,965.0,,3,0,1
2004,CHANTHU,29.8378,980.0,,2,0,0
2004,DIANMU,59.6755,920.0,,5,0,0
2004,MINDULLE,44.7566,950.0,28.8089,4,1,0
2004,TINGTING,39.6122,960.0,,3,0,0
2004,KOMPASU,22.6355,990.0,19.0344,1,1,0
2004,NAMTHEUN,44.7566,950.0,,4,0,0
2004,UNNAMED,22.6355,990.0,11.8322,1,1,1
2004,MALOU,19.5489,995.0,,1,0,0
2004,MERANTI,39.6122,960.0,,3,0,0
2004,RANANIM,44.7566,950.0,37.5544,4,1,0
2004,MALAKAS,19.5489,995.0,,1,0,0
2004,MEGI,32.9244,970.0,,3,0,0
2004,CHABA,59.6755,920.0,,5,0,0
2004,AERE,39.6122,960.0,29.8378,3,1,0
2004,UNNAMED,14.9189,1000.0,,0,0,0
2004,SONGDA,49.9011,940.0,,4,0,0
2004,SARIKA,27.7800,985.0,,2,0,0
2004,HAIMA,17.4911,993.0,17.4911,1,1,1
2004,MEARI,44.7566,950.0,,4,0,0
2004,MA-ON,49.9011,940.0,,4,0,0
2004,TOKAGE,49.9011,940.0,,4,0,0
2004,NOCK-TEN,44.7566,950.0,,4,0,0
2004,MUIFA,39.6122,960.0,,3,0,0
2004,MERBOK,17.4911,998.0,,1,0,0
2004,NANMADOL,44.7566,950.0,24.6933,4,1,0
2004,TALAS,19.5489,994.0,,1,0,0
2004,NORU,22.6355,990.0,,1,0,0
2005,KULAP,24.6933,985.0,,2,0,0
2005,ROKE,29.8378,980.0,,2,0,0
2005,SONCA,44.7566,950.0,,4,0,0
2005,NESAT,49.9011,940.0,,4,0,0
2005,HAITANG,59.6755,920.0,40.1266,5,1,0
2005,NALGAE,22.6355,990.0,,1,0,0
2005,BANYAN,27.7800,980.0,,2,0,0
2005,WASHI,24.6933,984.0,23.6644,2,1,1
2005,MATSA,44.7566,950.0,34.9822,4,1,0
2005,SANVU,29.8378,980.0,24.6933,2,1,0
2005,GUCHOL,27.7800,985.0,,2,0,0
2005,MAWAR,49.9011,940.0,,4,0,0
2005,TALIM,54.5311,935.0,44.7566,5,1,0
2005,NABI,59.6755,920.0,,5,0,0
2005,KHANUN,49.9011,945.0,41.6700,4,1,0
2005,VICENTE,22.6355,985.0,,1,0,1
2005,DAMREY,49.9011,940.0,42.6989,4,1,0
2005,SAOLA,44.7566,950.0,,4,0,0
2005,LONGWANG,54.5311,935.0,39.6122,5,1,0
2005,KIROGI,49.9011,940.0,,4,0,0
2005,KAI-TAK,39.6122,960.0,,3,0,1
2005,TEMBIN,22.6355,992.0,,1,0,0
2005,BOLAVEN,32.9244,975.0,,3,0,0
2005,UNNAMED,14.9189,1000.0,,0,0,0
2006,UNNAMED,14.9189,1000.0,,0,0,0
2006,CHANCHU,49.9011,940.0,28.8089,4,1,0
2006,JELAWAT,19.5489,995.0,11.8322,1,1,0
2006,EWINIAR,54.5311,935.0,,5,0,0
2006,UNNAMED,14.9189,997.0,14.9189,0,1,1
2006,BILIS,29.8378,975.0,24.6933,2,1,0
2006,KAEMI,39.6122,960.0,32.9244,3,1,0
2006,PRAPIROON,32.9244,975.0,32.9244,3,1,0
2006,SAOMAI,59.6755,915.0,44.7566,5,1,0
2006,MARIA,32.9244,975.0,,3,0,0
2006,BOPHA,24.6933,985.0,20.0633,2,1,0
2006,WUKONG,24.6933,985.0,,2,0,0
2006,SONAMU,19.5489,990.0,,1,0,0
2006,IOKE,59.6755,920.0,,5,0,0
2006,UNNAMED,14.9189,1000.0,14.9189,0,1,1
2006,SHANSHAN,54.5311,935.0,,5,0,0
2006,UNNAMED,14.9189,1000.0,11.8322,0,1,1
2006,YAGI,59.6755,920.0,,5,0,0
2006,UNNAMED,17.4911,995.0,,1,0,1
2006,XANGSANE,49.9011,945.0,,4,0,0
2006,BEBINCA,22.6355,990.0,,1,0,0
2006,RUMBIA,22.6355,990.0,,1,0,0
2006,SOULIK,39.6122,960.0,,3,0,0
2006,CIMARON,59.6755,920.0,,5,0,0
2006,CHEBI,54.5311,935.0,,5,0,0
2006,DURIAN,59.6755,920.0,,5,0,0
2006,UTOR,44.7566,950.0,,4,0,0
2006,TRAMI,17.4911,995.0,,1,0,0
2007,KONG-REY,39.6122,960.0,,3,0,0
2007,YUTU,49.9011,940.0,,4,0,0
2007,TORAJI,22.6355,990.0,14.9189,1,1,1
2007,MAN-YI,54.5311,935.0,,5,0,0
2007,USAGI,49.9011,940.0,,4,0,0
2007,UNNAMED,17.4911,995.0,,1,0,1
2007,PABUK,29.8378,980.0,14.9189,2,1,0
2007,WUTIP,19.5489,990.0,17.4911,1,1,0
2007,SEPAT,64.8199,910.0,44.7566,5,1,0
2007,FITOW,34.9822,970.0,,3,0,0
2007,DANAS,27.7800,985.0,,2,0,0
2007,NARI,49.9011,940.0,,4,0,0
2007,WIPHA,54.5311,935.0,37.5544,5,1,0
2007,FRANCISCO,19.5489,992.0,19.5489,1,1,0
2007,LEKIMA,32.9244,975.0,,3,0,0
2007,KROSA,54.5311,935.0,44.7566,5,1,0
2007,HAIYAN,19.5489,994.0,,1,0,0
2007,PODUL,27.7800,985.0,,2,0,0
2007,LINGLING,22.6355,990.0,,1,0,0
2007,KAJIKI,44.7566,950.0,,4,0,0
2007,FAXAI,27.7800,980.0,,2,0,0
2007,PEIPAH,32.9244,975.0,,3,0,0
2007,TAPAH,17.4911,996.0,,1,0,0
2007,HAGIBIS,34.9822,970.0,,3,0,0
2007,MITAG,39.6122,960.0,,3,0,0
2008,UNNAMED,14.9189,1000.0,,0,0,0
2008,NEOGURI,39.6122,960.0,17.4911,3,1,0
2008,RAMMASUN,54.5311,935.0,,5,0,0
2008,HALONG,29.8378,980.0,,2,0,1
2008,MATMO,22.6355,990.0,,1,0,0
2008,NAKRI,49.9011,940.0,,4,0,0
2008,FENGSHEN,44.7566,950.0,22.6355,4,1,0
2008,KALMAEGI,32.9244,975.0,30.3522,3,1,0
2008,FUNG-WONG,44.7566,955.0,39.6122,4,1,0
2008,KAMMURI,24.6933,980.0,22.6355,2,1,1
2008,PHANFONE,22.6355,990.0,,1,0,0
2008,VONGFONG,22.6355,990.0,,1,0,0
2008,NURI,39.6122,960.0,27.7800,3,1,0
2008,UNNAMED,14.9189,1002.0,,0,0,0
2008,SINLAKU,54.5311,935.0,43.2133,5,1,0
2008,HAGUPIT,49.9011,940.0,44.7566,4,1,0
2008,JANGMI,64.8199,910.0,44.7566,5,1,0
2008,HIGOS,17.4911,998.0,16.9767,1,1,0
2008,MEKKHALA,22.6355,990.0,,1,0,1
2008,UNNAMED,14.9189,1004.0,,0,0,1
2008,BAVI,22.6355,980.0,,1,0,0
2008,MAYSAK,24.6933,985.0,,2,0,0
2008,NOUL,19.5489,995.0,,1,0,0
2008,HAISHEN,19.5489,1004.0,,1,0,0
2008,DOLPHIN,34.9822,970.0,,3,0,0
2009,KUJIRA,44.7566,950.0,,4,0,0
2009,CHAN-HOM,34.9822,970.0,,3,0,1
2009,LINFA,29.8378,980.0,22.6355,2,1,0
2009,NANGKA,22.6355,988.0,15.9478,1,1,0
2009,SOUDELOR,17.4911,994.0,17.4911,1,1,0
2009,UNNAMED,19.5489,995.0,19.5489,1,1,0
2009,MOLAVE,37.5544,965.0,26.2366,3,1,0
2009,GONI,27.7800,972.0,23.6644,2,1,0
2009,MORAKOT,39.6122,950.0,37.5544,3,1,0
2009,ETAU,19.5489,992.0,,1,0,0
2009,VAMCO,52.9877,940.0,,5,0,0
2009,KROVANH,29.8378,980.0,,2,0,0
2009,DUJUAN,24.6933,985.0,,2,0,0
2009,MUJIGAE,19.5489,992.0,19.5489,1,1,1
2009,KOPPU,39.6122,960.0,34.9822,3,1,0
2009,CHOI-WAN,64.8199,910.0,,5,0,0
2009,KETSANA,39.6122,960.0,,3,0,0
2009,UNNAMED,14.9189,1000.0,,0,0,0
2009,PARMA,54.5311,935.0,24.6933,5,1,0
2009,MELOR,64.8199,910.0,,5,0,0
2009,NEPARTAK,24.6933,990.0,,2,0,0
2009,LUPIT,59.6755,920.0,,5,0,0
2009,UNNAMED,14.9189,1000.0,11.3178,0,1,1
2009,MIRINAE,39.6122,960.0,,3,0,0
2009,UNNAMED,14.9189,1005.0,,0,0,0
2009,UNNAMED,16.9767,1000.0,,0,0,0
2009,NIDA,69.9644,903.0,,5,0,0
2010,OMAIS,17.4911,998.0,,1,0,0
2010,CONSON,34.9822,970.0,,3,0,0
2010,CHANTHU,34.9822,970.0,34.9822,3,1,0
2010,UNNAMED,15.9478,1002.0,,0,0,0
2010,DIANMU,29.8378,980.0,,2,0,0
2010,MINDULLE,29.8378,980.0,,2,0,1
2010,LIONROCK,27.7800,985.0,22.6355,2,1,1
2010,KOMPASU,44.7566,950.0,,4,0,0
2010,NAMTHEUN,17.4911,995.0,,1,0,0
2010,MALOU,24.6933,990.0,,2,0,0
2010,MERANTI,34.9822,970.0,31.3811,3,1,0
2010,FANAPI,51.9588,935.0,42.1844,5,1,0
2010,MALAKAS,44.7566,950.0,,4,0,0
2010,UNNAMED,14.9189,1002.0,14.9189,0,1,1
2010,MEGI,71.5077,895.0,27.7800,5,1,0
2010,UNNAMED,14.9189,1004.0,,0,0,0
2010,CHABA,49.9011,940.0,,4,0,0
2010,UNNAMED,12.8611,1006.0,,0,0,1
2011,UNNAMED,14.9189,1000.0,,0,0,1
2011,UNNAMED,14.9189,1000.0,,0,0,0
2011,AERE,22.6355,986.0,,1,0,0
2011,SONGDA,64.8199,910.0,,5,0,0
2011,UNNAMED,12.8611,1002.0,,0,0,1
2011,SARIKA,19.5489,995.0,17.4911,1,1,0
2011,HAIMA,19.5489,986.0,18.5200,1,1,0
2011,MEARI,29.8378,975.0,,2,0,0
2011,MA-ON,54.5311,935.0,,5,0,0
2011,TOKAGE,17.4911,1000.0,,1,0,0
2011,NOCK-TEN,27.7800,980.0,24.6933,2,1,0
2011,MUIFA,64.8199,915.0,19.5489,5,1,0
2011,MERBOK,29.8378,970.0,,2,0,0
2011,UNNAMED,14.9189,1000.0,,0,0,0
2011,NANMADOL,59.6755,925.0,31.3811,5,1,0
2011,TALAS,27.7800,970.0,,2,0,0
2011,NORU,19.5489,992.0,,1,0,0
2011,KULAP,19.5489,995.0,,1,0,0
2011,ROKE,51.9588,935.0,,5,0,0
2011,SONCA,34.9822,970.0,,3,0,0
2011,NESAT,44.7566,950.0,,4,0,0
2011,HAITANG,17.4911,995.0,,1,0,1
2011,NALGAE,49.9011,940.0,22.6355,4,1,0
2011,BANYAN,17.4911,998.0,,1,0,0
2011,UNNAMED,14.9189,1000.0,,0,0,1
2011,UNNAMED,14.9189,1000.0,,0,0,1
2011,WASHI,24.6933,990.0,,2,0,0
2012,UNNAMED,15.9478,1004.0,,0,0,0
2012,PAKHAR,27.7800,985.0,,2,0,1
2012,SANVU,34.9822,970.0,,3,0,0
2012,MAWAR,44.7566,955.0,,4,0,0
2012,GUCHOL,59.6755,915.0,,5,0,0
2012,TALIM,24.6933,985.0,,2,0,1
2012,DOKSURI,22.6355,985.0,17.4911,1,1,0
2012,KHANUN,24.6933,985.0,,2,0,0
2012,VICENTE,44.7566,960.0,41.1555,4,1,0
2012,SAOLA,39.6122,960.0,24.6933,3,1,0
2012,DAMREY,39.6122,960.0,29.8378,3,1,0
2012,HAIKUI,44.7566,960.0,34.9822,4,1,0
2012,KIROGI,22.6355,990.0,,1,0,0
2012,KAI-TAK,37.5544,968.0,34.9822,3,1,0
2012,TEMBIN,47.8433,945.0,44.7566,4,1,0
2012,BOLAVEN,54.5311,920.0,25.2078,5,1,0
2012,SANBA,64.8199,910.0,,5,0,0
2012,JELAWAT,64.8199,910.0,,5,0,0
2012,EWINIAR,24.6933,988.0,,2,0,0
2012,GAEMI,24.6933,990.0,,2,0,1
2012,MALIKSI,24.6933,970.0,,2,0,0
2012,PRAPIROON,47.8433,945.0,,4,0,0
2012,MARIA,27.7800,985.0,,2,0,0
2012,SON-TINH,44.7566,950.0,,4,0,0
2012,UNNAMED,14.9189,1002.0,,0,0,1
2012,BOPHA,59.6755,920.0,,5,0,0
2012,WUKONG,19.5489,998.0,,1,0,0
2013,SONAMU,22.6355,992.0,,1,0,0
2013,SHANSHAN,17.4911,1002.0,,1,0,0
2013,YAGI,24.6933,985.0,,2,0,0
2013,LEEPI,19.5489,992.0,,1,0,0
2013,BEBINCA,22.6355,988.0,22.6355,1,1,1
2013,RUMBIA,29.8378,972.0,24.6933,2,1,0
2013,SOULIK,54.5311,935.0,39.6122,5,1,0
2013,CIMARON,22.6355,990.0,19.5489,1,1,0
2013,JEBI,29.8378,980.0,,2,0,0
2013,MANGKHUT,27.7800,988.0,,2,0,1
2013,UTOR,59.6755,925.0,38.5833,5,1,0
2013,UNALA,17.4911,1002.0,,1,0,0
2013,PEWA,32.9244,985.0,,3,0,0
2013,TRAMI,34.9822,956.0,29.8378,3,1,0
2013,UNNAMED,14.9189,996.0,12.8611,0,1,0
2013,KONG-REY,24.6933,988.0,,2,0,0
2013,YUTU,17.4911,1002.0,,1,0,0
2013,TORAJI,24.6933,985.0,,2,1,0
2013,MAN-YI,29.8378,970.0,,2,0,0
2013,USAGI,59.6755,915.0,44.7566,5,1,0
2013,UNNAMED,14.9189,995.0,,0,0,1
2013,PABUK,37.5544,965.0,,3,0,0
2013,WUTIP,44.7566,950.0,,4,0,1
2013,FITOW,44.7566,945.0,29.8378,4,1,0
2013,SEPAT,22.6355,990.0,,1,0,0
2013,DANAS,49.9011,940.0,,4,0,0
2013,NARI,41.6700,955.0,,4,0,0
2013,WIPHA,49.9011,940.0,,4,0,0
2013,FRANCISCO,61.7333,915.0,,5,0,0
2013,UNNAMED,14.9189,1002.0,,0,0,0
2013,LEKIMA,59.6755,920.0,,5,0,0
2013,KROSA,44.7566,950.0,,4,0,0
2013,UNNAMED,14.9189,1002.0,,0,0,0
2013,HAIYAN,77.6810,890.0,19.5489,5,1,0
2013,PODUL,17.4911,1002.0,,1,0,0
2014,LINGLING,17.4911,1000.0,,1,0,0
2014,KAJIKI,22.6355,995.0,,1,0,0
2014,FAXAI,34.9822,970.0,,3,0,0
2014,UNNAMED,14.9189,1000.0,,0,0,0
2014,PEIPAH,17.4911,998.0,,1,0,0
2014,TAPAH,29.8378,980.0,,2,0,0
2014,MITAG,19.5489,994.0,,1,0,1
2014,HAGIBIS,22.6355,986.0,16.4622,1,1,1
2014,NEOGURI,54.5311,930.0,,5,0,0
2014,RAMMASUN,71.5077,888.0,47.8433,5,1,0
2014,MATMO,41.6700,955.0,39.6122,4,1,0
2014,GENEVIEVE,59.6755,920.0,,5,0,0
2014,HALONG,61.7333,915.0,,5,0,0
2014,NAKRI,24.6933,982.0,,2,0,0
2014,UNNAMED,14.9189,1004.0,14.9189,0,1,1
2014,FENGSHEN,29.8378,980.0,,2,0,0
2014,UNNAMED,14.9189,1000.0,14.9189,0,1,1
2014,KALMAEGI,41.6700,960.0,,4,0,0
2014,FUNG-WONG,27.7800,982.0,27.7800,2,1,0
2014,KAMMURI,24.6933,985.0,,2,0,0
2014,PHANFONE,49.9011,940.0,,4,0,0
2014,VONGFONG,67.9066,900.0,,5,0,0
2014,NURI,67.9066,900.0,,5,0,0
2014,SINLAKU,24.6933,990.0,,2,0,0
2014,HAGUPIT,67.9066,900.0,,5,0,0
2014,JANGMI,19.5489,995.0,,1,0,0
2015,MEKKHALA,32.9244,975.0,,3,0,0
2015,HIGOS,47.8433,945.0,,4,0,0
2015,BAVI,22.6355,990.0,,1,0,0
2015,MAYSAK,64.8199,910.0,,5,0,0
2015,HAISHEN,22.6355,990.0,,1,0,0
2015,NOUL,59.6755,920.0,,5,0,0
2015,DOLPHIN,57.6177,930.0,,5,0,0
2015,KUJIRA,24.6933,982.0,22.6355,2,1,1
2015,CHAN-HOM,54.5311,935.0,,5,1,0
2015,LINFA,41.6700,955.0,32.9244,4,1,0
2015,NANGKA,61.7333,915.0,,5,0,0
2015,HALOLA,41.6700,955.0,,4,0,0
2015,UNNAMED,14.9189,1008.0,,0,0,0
2015,SOUDELOR,67.9066,905.0,41.6700,5,1,0
2015,MOLAVE,22.6355,992.0,,1,0,0
2015,GONI,54.5311,930.0,17.4911,5,1,0
2015,ATSANI,61.7333,920.0,,5,0,0
2015,KILO,57.6177,930.0,,5,0,0
2015,ETAU,24.6933,990.0,,2,0,0
2015,VAMCO,17.4911,996.0,,1,0,1
2015,KROVANH,44.7566,950.0,,4,0,0
2015,DUJUAN,57.6177,930.0,39.6122,5,1,0
2015,MUJIGAE,51.9588,935.0,51.9588,5,1,0
2015,CHOI-WAN,32.9244,975.0,,3,0,0
2015,KOPPU,54.5311,935.0,,5,0,0
2015,CHAMPI,54.5311,935.0,,5,0,0
2015,IN-FA,51.9588,940.0,,5,0,0
2015,MELOR,54.5311,930.0,,5,0,0
2015,UNNAMED,12.8611,1008.0,,0,0,0
2016,UNNAMED,14.9189,998.0,13.8900,0,1,1
2016,NEPARTAK,71.5077,895.0,44.7566,5,1,0
2016,UNNAMED,14.9189,1000.0,,0,0,0
2016,LUPIT,19.5489,995.0,,1,0,0
2016,MIRINAE,29.8378,980.0,25.2078,2,1,1
2016,NIDA,37.5544,965.0,29.8378,3,1,0
2016,OMAIS,29.8378,980.0,,2,0,0
2016,CONSON,22.6355,990.0,,1,0,0
2016,CHANTHU,22.6355,988.0,,1,0,0
2016,DIANMU,22.6355,980.0,19.5489,1,1,1
2016,MINDULLE,29.8378,980.0,,2,0,0
2016,LIONROCK,51.9588,935.0,,5,0,0
2016,KOMPASU,17.4911,995.0,,1,0,0
2016,NAMTHEUN,44.7566,950.0,,4,0,0
2016,MALOU,19.5489,995.0,,1,0,0
2016,MERANTI,74.5944,890.0,38.5833,5,1,0
2016,RAI,17.4911,996.0,,1,0,1
2016,MALAKAS,49.9011,940.0,,4,0,0
2016,MEGI,51.9588,940.0,44.7566,5,1,0
2016,CHABA,59.6755,920.0,,5,0,0
2016,SONGDA,49.9011,940.0,,4,0,0
2016,AERE,27.7800,985.0,,2,0,0
2016,SARIKA,54.5311,935.0,35.4966,5,1,0
2016,HAIMA,67.9066,905.0,34.9822,5,1,0
2016,MEARI,41.6700,955.0,,4,0,0
2016,MA-ON,17.4911,998.0,,1,0,0
2016,UNNAMED,14.9189,1000.0,,0,0,0
2016,TOKAGE,24.6933,990.0,,2,0,0
2016,NOCK-TEN,61.7333,915.0,,5,0,0
2017,UNNAMED,12.8611,1006.0,,0,0,0
2017,MUIFA,17.4911,998.0,,1,0,0
2017,MERBOK,29.8378,980.0,22.6355,2,1,1
2017,NANMADOL,27.7800,985.0,,2,0,0
2017,TALAS,24.6933,988.0,,2,0,1
2017,NORU,51.9588,935.0,,5,0,0
2017,KULAP,22.6355,992.0,,1,0,0
2017,SONCA,19.5489,995.0,,1,0,1
2017,ROKE,19.5489,995.0,17.4911,1,1,0
2017,NESAT,39.6122,960.0,37.5544,3,1,0
2017,HAITANG,22.6355,985.0,22.6355,1,1,1
2017,NALGAE,22.6355,990.0,,1,0,0
2017,BANYAN,41.6700,955.0,,4,0,0
2017,HATO,51.9588,935.0,41.6700,5,1,0
2017,PAKHAR,29.8378,980.0,24.6933,2,1,0
2017,SANVU,39.6122,960.0,,3,0,0
2017,MAWAR,24.6933,990.0,14.9189,2,1,0
2017,GUCHOL,17.4911,998.0,,1,0,0
2017,TALIM,51.9588,935.0,,5,0,0
2017,DOKSURI,41.6700,955.0,,4,0,0
2017,UNNAMED,19.5489,995.0,17.4911,1,1,1
2017,UNNAMED,14.9189,998.0,,0,0,1
2017,KHANUN,41.6700,955.0,22.6355,4,1,0
2017,LAN,57.6177,925.0,,5,0,0
2017,SAOLA,32.9244,975.0,,3,0,0
2017,DAMREY,41.6700,955.0,,4,0,0
2017,HAIKUI,22.6355,990.0,,1,0,0
2017,KIROGI,17.4911,1000.0,,1,0,0
2017,KAI-TAK,22.6355,990.0,,1,0,0
2017,TEMBIN,37.5544,965.0,,3,0,0
2018,BOLAVEN,17.4911,1000.0,,1,0,0
2018,SANBA,17.4911,1000.0,,1,0,0
2018,JELAWAT,59.6755,920.0,,5,0,0
2018,UNNAMED,14.9189,1002.0,,0,0,0
2018,EWINIAR,22.6355,990.0,19.5489,1,1,1
2018,MALIKSI,29.8378,975.0,,2,0,0
2018,GAEMI,19.5489,990.0,14.9189,1,1,1
2018,PRAPIROON,34.9822,960.0,,3,0,0
2018,MARIA,57.6177,925.0,29.8378,5,1,0
2018,SON-TINH,22.6355,988.0,22.6355,1,1,0
2018,AMPIL,27.7800,980.0,22.6355,2,1,0
2018,UNNAMED,14.9189,998.0,,0,0,1
2018,WUKONG,29.8378,980.0,,2,0,0
2018,JONGDARI,41.6700,955.0,19.5489,4,1,0
2018,UNNAMED,14.9189,1000.0,,0,0,0
2018,HECTOR,57.6177,925.0,,5,0,0
2018,SHANSHAN,39.6122,960.0,,3,0,0
2018,YAGI,27.7800,980.0,19.5489,2,1,0
2018,BEBINCA,27.7800,982.0,19.5489,2,1,1
2018,LEEPI,27.7800,982.0,,2,0,0
2018,RUMBIA,24.6933,982.0,22.6355,2,1,0
2018,SOULIK,44.7566,950.0,,4,0,0
2018,CIMARON,47.8433,945.0,,4,0,0
2018,UNNAMED,14.9189,992.0,14.9189,0,1,1
2018,JEBI,64.8199,905.0,,5,0,0
2018,MANGKHUT,64.8199,910.0,41.6700,5,1,0
2018,BARIJAT,24.6933,990.0,19.5489,2,1,0
2018,TRAMI,59.6755,920.0,,5,0,0
2018,KONG-REY,61.7333,915.0,,5,0,0
2018,YUTU,69.9644,895.0,,5,0,0
2018,USAGI,32.9244,980.0,,3,0,0
2018,TORAJI,17.4911,1002.0,,1,0,1
2018,MAN-YI,41.6700,955.0,,4,0,0
2018,UNNAMED,14.9189,1000.0,,0,0,0
2018,PABUK,24.6933,990.0,,2,0,1
2019,UNNAMED,14.9189,1005.0,,0,0,0
2019,WUTIP,57.6177,925.0,,5,0,0
2019,UNNAMED,14.9189,1005.0,,0,0,0
2019,SEPAT,19.5489,995.0,,1,0,0
2019,UNNAMED,14.9189,1000.0,,0,0,0
2019,MUN,17.4911,992.0,17.4911,1,1,1
2019,DANAS,22.6355,988.0,,1,0,0
2019,NARI,17.4911,998.0,,1,0,0
2019,WIPHA,22.6355,982.0,22.6355,1,1,1
2019,FRANCISCO,37.5544,965.0,,3,0,0
2019,LEKIMA,61.7333,915.0,39.6122,5,1,0
2019,KROSA,41.6700,960.0,,4,0,0
2019,BAILU,29.8378,980.0,29.8378,2,1,0
2019,PODUL,22.6355,990.0,,1,0,0
2019,FAXAI,49.9011,940.0,,4,0,0
2019,KAJIKI,17.4911,995.0,17.4911,1,1,0
2019,LINGLING,54.5311,930.0,24.6933,5,1,0
2019,UNNAMED,14.9189,996.0,,0,0,0
2019,PEIPAH,17.4911,995.0,,1,0,0
2019,TAPAH,32.9244,975.0,,3,0,0
2019,MITAG,39.6122,960.0,,3,0,0
2019,HAGIBIS,64.8199,915.0,,5,0,0
2019,NEOGURI,41.6700,960.0,,4,0,0
2019,BUALOI,57.6177,925.0,,5,0,0
2019,BULBUL:MATMO,24.6933,990.0,,2,0,1
2019,HALONG,67.9066,905.0,,5,0,0
2019,NAKRI,32.9244,975.0,,3,0,1
2019,FENGSHEN,49.9011,940.0,,4,0,0
2019,KALMAEGI,34.9822,970.0,,3,0,0
2019,FUNG-WONG,29.8378,980.0,,2,0,0
2019,KAMMURI,49.9011,940.0,,4,0,0
2019,PHANFONE,41.6700,955.0,,4,0,0
2020,VONGFONG,47.8433,950.0,,4,0,0
2020,NURI,19.5489,995.0,17.4911,1,1,0
2020,SINLAKU,17.4911,992.0,12.8611,1,1,0
2020,HAGUPIT,41.6700,965.0,37.5544,4,1,0
2020,JANGMI,22.6355,992.0,,1,0,0
2020,MEKKHALA,37.5544,975.0,37.5544,3,1,1
2020,UNNAMED,14.9189,1012.0,,0,0,0
2020,HIGOS,34.9822,970.0,31.3811,3,1,0
2020,BAVI,44.7566,950.0,24.6933,4,1,0
2020,MAYSAK,51.9588,940.0,22.6355,5,1,0
2020,HAISHEN,59.6755,920.0,19.5489,5,1,0
2020,NOUL,24.6933,985.0,,2,0,0
2020,DOLPHIN,29.8378,980.0,,2,0,0
2020,KUJIRA,32.9244,975.0,,3,0,0
2020,CHAN-HOM,37.5544,965.0,,3,0,0
2020,LINFA,19.5489,995.0,,1,0,0
2020,NANGKA,24.6933,988.0,24.6933,2,1,1
2020,UNNAMED,14.9189,1000.0,,0,0,0
2020,SAUDEL,37.5544,965.0,,3,0,0
2020,UNNAMED,14.9189,1008.0,,0,0,0
2020,MOLAVE,47.8433,950.0,,4,0,0
2020,GONI,69.9644,900.0,,5,0,0
2020,ATSANI,27.7800,985.0,,2,0,0
2020,ETAU,24.6933,985.0,,2,0,0
2020,VAMCO,47.8433,945.0,,4,0,0
2020,KROVANH,17.4911,1000.0,,1,0,0
2021,DUJUAN,22.6355,990.0,,1,0,0
2021,SURIGAE,71.5077,895.0,,5,0,0
2021,UNNAMED,14.9189,1002.0,,0,0,0
2021,CHOI-WAN,19.5489,995.0,,1,0,0
2021,KOGUMA,19.5489,992.0,17.4911,1,1,1
2021,CHAMPI,32.9244,980.0,,3,0,0
2021,UNNAMED,14.9189,998.0,,0,0,0
2021,IN-FA,41.6700,955.0,24.6933,4,1,0
2021,CEMPAKA,37.5544,965.0,27.7800,3,1,1
2021,NEPARTAK,19.5489,995.0,,1,0,0
2021,LUPIT,22.6355,982.0,19.5489,1,1,1
2021,MIRINAE,24.6933,985.0,,2,0,0
2021,NIDA,24.6933,990.0,,2,0,0
2021,OMAIS,24.6933,992.0,,2,0,0
2021,UNNAMED,14.9189,1008.0,,0,0,0
2021,CONSON,27.7800,988.0,,2,0,0
2021,CHANTHU,67.9066,905.0,,5,0,0
2021,DIANMU,17.4911,998.0,,1,0,1
2021,MINDULLE,59.6755,920.0,,5,0,0
2021,LIONROCK,19.5489,990.0,19.5489,1,1,0
2021,KOMPASU,32.9244,970.0,24.6933,3,1,0
2021,NAMTHEUN,32.9244,975.0,,3,0,0
2021,MALOU,39.6122,970.0,,3,0,0
2021,UNNAMED,14.9189,1002.0,,0,0,0
2021,NYATOH,54.5311,940.0,,5,0,0
2021,RAI,61.7333,915.0,,5,0,0
2022,MALAKAS,51.9588,940.0,,5,0,0
2022,MEGI,19.5489,995.0,,1,0,0
2022,CHABA,37.5544,960.0,29.8378,3,1,1
2022,AERE,22.6355,990.0,,1,0,0
2022,SONGDA,17.4911,998.0,,1,0,0
2022,TRASES,17.4911,998.0,,1,0,0
2022,UNNAMED,12.8611,1002.0,12.8611,0,1,1
2022,MULAN,19.5489,995.0,,1,0,1
2022,MEARI,19.5489,988.0,,1,0,0
2022,MA-ON,34.9822,970.0,29.8378,3,1,0
2022,TOKAGE,41.6700,955.0,,4,0,0
2022,HINNAMNOR,61.7333,915.0,,5,0,0
2022,UNNAMED,14.9189,1000.0,,0,0,0
2022,MUIFA,49.9011,940.0,32.9244,4,1,0
2022,MERBOK,37.5544,950.0,,3,0,0
2022,NANMADOL,61.7333,915.0,,5,0,0
2022,TALAS,17.4911,1000.0,,1,0,0
2022,NORU,61.7333,915.0,,5,0,0
2022,KULAP,32.9244,950.0,,3,0,0
2022,ROKE,39.6122,965.0,,3,0,0
2022,HAITANG,17.4911,1000.0,,1,0,0
2022,SONCA,17.4911,998.0,,1,0,1
2022,NESAT,41.6700,955.0,,4,0,0
2022,UNNAMED,14.9189,1000.0,,0,0,0
2022,UNNAMED,14.9189,1000.0,,0,0,0
2022,NALGAE,32.9244,975.0,9.7744,3,1,0
2022,BANYAN,17.4911,998.0,,1,0,0
2022,YAMANEKO,19.5489,998.0,,1,0,0
2022,PAKHAR,22.6355,995.0,,1,0,0
2023,UNNAMED,14.9189,1004.0,,0,0,0
2023,SANVU,22.6355,995.0,,1,0,0
2023,MAWAR,67.9066,905.0,,5,0,0
2023,GUCHOL,41.6700,960.0,,4,0,0
2023,TALIM,39.6122,960.0,32.9244,3,1,0
2023,DOKSURI,61.7333,915.0,37.5544,5,1,0
2023,KHANUN,54.5311,930.0,,5,0,0
2023,DORA,57.6177,940.0,,5,0,0
2023,LAN,57.6177,930.0,,5,0,0
2023,SAOLA,61.7333,915.0,29.8378,5,1,0
2023,DAMREY,27.7800,985.0,,2,0,0
2023,HAIKUI,47.8433,945.0,41.6700,4,1,0
2023,KIROGI,29.8378,985.0,,2,0,0
2023,YUN-YEUNG,19.5489,995.0,,1,0,0
2023,UNNAMED,14.9189,1000.0,,0,0,1
2023,KOINU,54.5311,930.0,,5,0,0
2023,BOLAVEN,67.9066,905.0,,5,0,0
2023,SANBA,24.6933,990.0,19.5489,2,1,1
2023,UNNAMED,12.8611,1004.0,,0,0,0
2023,JELAWAT,17.4911,1000.0,,1,0,0
2024,EWINIAR,41.6700,955.0,,4,0,0
2024,MALIKSI,17.4911,998.0,17.4911,1,1,1
2024,UNNAMED,12.8611,1002.0,,0,0,1
2024,PRAPIROON,29.8378,980.0,27.7800,2,1,0
2024,GAEMI,54.5311,930.0,44.7566,5,1,0
2024,MARIA,29.8378,975.0,,2,0,0
2024,SON-TINH,22.6355,975.0,,1,0,0
2024,AMPIL,49.9011,945.0,,4,0,0
2024,WUKONG,17.4911,1000.0,,1,0,0
2024,JONGDARI,19.5489,995.0,,1,0,0
2024,SHANSHAN,51.9588,940.0,,5,0,0
2024,YAGI,61.7333,915.0,57.6177,5,1,0
2024,LEEPI,17.4911,1002.0,,1,0,0
2024,BEBINCA,41.6700,965.0,37.5544,4,1,0
2024,PULASAN,22.6355,995.0,22.6355,1,1,0
2024,SOULIK,17.4911,995.0,,1,0,0
2024,UNNAMED,14.9189,1002.0,,0,0,0
2024,CIMARON,17.4911,998.0,,1,0,0
2024,JEBI,32.9244,980.0,,3,0,0
2024,KRATHON,59.6755,920.0,37.5544,5,1,0
2024,BARIJAT,24.6933,980.0,,2,0,0
2024,TRAMI,32.9244,972.0,,3,0,0
2024,KONG-REY,59.6755,920.0,47.8433,5,1,0
2024,YINXING,61.7333,920.0,,5,0,0
2024,TORAJI,37.5544,965.0,,3,0,0
2024,MAN-YI,61.7333,920.0,,5,0,0
2024,USAGI,57.6177,925.0,17.4911,5,1,0
2024,PABUK,17.4911,1000.0,,1,0,1
